,,,,,,,,,,,,,,,,,,,,,,,,,,,,,,,,
NOME,TIPO DE BENEFICIO,ATUALMENTE NO SISTEMA,CICLO DE VALIDAÇÃO,VALIDADO PGE,VALIDADO PRESIDENCIA,SIMULAVEL,TIPO,APOS_ESPECIAL,TIPO_REMUN,PARIDADE,TabelaPontuacao,Requisitos da IN Nº 5/2020,Relatório p/ Reserva Remunerada por Idade ex-officio,ADICIONAL_INATIVIDADE,DATA_ADM_ATE,DATA_ADM_APOS,DATA_DIREITO_ATE,DATA_DIREITO_APOS,FUNDAMENTACAO_PROPORCIONAL,VISIVEL DTC PROPORCIONAL,FUNDAMENTACAO_INTEGRAL,VISIVEL DTC INTEGRAL,SEXO,INTEGRAL,TIPO_CALCULO,FUNDAMENTACAO,status_regra,motivo_inativacao,status_auditoria,auditado_por,auditado_em,atos_validacao
Aposentadoria por Invalidez Anterior E.C 20/1998,APOSENTADORIA POR INVALIDEZ,TRUE,1º,FALSE,FALSE,N,CIVIL,N,,S,N,N,N,N,15/12/1998 00:00,01/01/1910 00:00,15/12/1998 00:00,01/01/1910 00:00,,N,"Art. 40, inciso I da Constituição Federal de 1988 em seu texto original",N,AMBOS,S,Valor Efetivo,,ativa,,importada,,,[]
Aposentadoria por Invalidez Anterior E.C 20/1998,APOSENTADORIA POR INVALIDEZ,TRUE,1º,FALSE,FALSE,N,CIVIL,N,,S,N,N,N,N,15/12/1998 00:00,01/01/1910 00:00,15/12/1998 00:00,01/01/1910 00:00,,N,"Art. 40, inciso I da Constituição Federal de 1988 em seu texto original",N,AMBOS,N,Valor Efetivo,,ativa,,importada,,,[]
Pensão por Morte - com redação original da CF/88,PENSÃO POR MORTE,TRUE,1º,FALSE,FALSE,N,CIVIL,N,,S,N,N,N,N,15/12/1998 00:00,01/01/1910 00:00,15/12/1998 00:00,01/01/1969 00:00,,N,"Art. 40, §5º da Constituição Federal de 1988 em seu texto original",N,,,Não identificado,,ativa,,importada,,,[]
Aposentadoria por Invalidez - Redação da EC 20/1998,APOSENTADORIA POR INVALIDEZ,TRUE,1º,FALSE,FALSE,N,CIVIL,N,,S,N,N,N,N,31/12/2003 00:00,01/01/1910 00:00,31/12/2003 00:00,16/12/1998 00:00,"Art 40, §1º, I, da CF com redação da EC 20/98",N,"Art 40, §1º, I, da CF com redação da EC 20/98",N,,,Não identificado,,ativa,,importada,,,[]
Pensão por Morte - CF/88 com redação da EC nº 20/1998,PENSÃO POR MORTE,TRUE,1º,FALSE,FALSE,N,CIVIL,N,,S,N,N,N,N,31/12/2003 00:00,01/01/1910 00:00,31/12/2003 00:00,16/12/1998 00:00,"Art. 40, §7º da CF/88 com redação dada pela EC 20/1998",N,"Art. 40, §7º da CF/88 com redação dada pela EC 20/1998",N,,,Não identificado,,ativa,,importada,,,[]
"Invalidez - Art. 40, §1º, I da CF, com redação dada pela EC nº 41/2003 e Arts. 17 e 20 da LC 432/2008",APOSENTADORIA POR INVALIDEZ,TRUE,1º,FALSE,FALSE,S,CIVIL,N,,N,N,N,N,N,31/12/2099 00:00,01/01/1950 00:00,31/12/2099 00:00,31/12/2003 00:00,"Aposentadoria por incapacidade permanente, com proventos proporcionais ao tempo de contribuição e sem paridade, com base no artigo 40, § 1º, inciso I, da Constituição Federal, com redação dada pela Emenda Constitucional nº 41/2003, artigos 17, 20, caput, 45 e 62 da Lei Complementar Estadual nº 432/2008, artigo 4º da Emenda à Constituição Estadual nº 146/2021 e artigo 40, § 1°, inciso III, da Constituição Federal, com a redação dada pela Emenda Constitucional nº 103/2019 - fundamento incapacidade - LCE 432/08 (doença não catalogada com ingresso após 2003)",N,"Aposentadoria por incapacidade permanente, com proventos integrais (cálculo por média) e sem paridade, com base no artigo 40, § 1º, inciso I, da Constituição Federal, com redação dada pela Emenda Constitucional nº 41/2003, artigos 20, caput, 45 e 62 da Lei Complementar Estadual nº 432/2008, artigo 4º da Emenda à Constituição Estadual nº 146/2021 e artigo 40, § 1°, inciso III, da Constituição Federal, com a redação dada pela Emenda Constitucional nº 103/2019 - fundamento incapacidade - LCE 432/08 (acidente em serviço, moléstia profissional ou doença grave, contagiosa ou incurável com ingresso após 2003).",N,AMBOS,S,Valor Médio,,ativa,,importada,,,[]
"Invalidez - Art. 40, §1º, I da CF, com redação dada pela EC nº 41/2003 e Arts. 17 e 20 da LC 432/2008",APOSENTADORIA POR INVALIDEZ,TRUE,1º,FALSE,FALSE,S,CIVIL,N,,N,N,N,N,N,31/12/2099 00:00,01/01/1950 00:00,31/12/2099 00:00,31/12/2003 00:00,"Aposentadoria por incapacidade permanente, com proventos proporcionais ao tempo de contribuição e sem paridade, com base no artigo 40, § 1º, inciso I, da Constituição Federal, com redação dada pela Emenda Constitucional nº 41/2003, artigos 17, 20, caput, 45 e 62 da Lei Complementar Estadual nº 432/2008, artigo 4º da Emenda à Constituição Estadual nº 146/2021 e artigo 40, § 1°, inciso III, da Constituição Federal, com a redação dada pela Emenda Constitucional nº 103/2019 - fundamento incapacidade - LCE 432/08 (doença não catalogada com ingresso após 2003)",N,"Aposentadoria por incapacidade permanente, com proventos integrais (cálculo por média) e sem paridade, com base no artigo 40, § 1º, inciso I, da Constituição Federal, com redação dada pela Emenda Constitucional nº 41/2003, artigos 20, caput, 45 e 62 da Lei Complementar Estadual nº 432/2008, artigo 4º da Emenda à Constituição Estadual nº 146/2021 e artigo 40, § 1°, inciso III, da Constituição Federal, com a redação dada pela Emenda Constitucional nº 103/2019 - fundamento incapacidade - LCE 432/08 (acidente em serviço, moléstia profissional ou doença grave, contagiosa ou incurável com ingresso após 2003).",N,AMBOS,N,Proporcionalidade Dias,"Art. 20, §14º e Art. 45 da Lei Complementar nº 432/2008",ativa,,importada,,,[]
"Invalidez - Art. 6º-A da EC nº 41/2003, com redação da EC nº 70/2012 e Arts. 17 e 20 da LC 432/2008",APOSENTADORIA POR INVALIDEZ,TRUE,1º,FALSE,FALSE,S,CIVIL,N,,S,N,N,N,N,31/12/2003 00:00,01/01/1950 00:00,31/12/2099 00:00,31/12/2003 00:00,"Aposentadoria por incapacidade permanente, com proventos proporcionais, calculados com base na última remuneração e com paridade, com fundamento no artigo 40, §1º, inciso I, da Constituição Federal, com redação dada pela Emenda Constitucional n. 41/2003, combinado com o artigo 20 da Lei Complementar n. 432/2008, no artigo 6º-A da Emenda Constitucional n. 41/03, com redação dada pela Emenda Constitucional n. 70/2012, bem como no artigo 4º da Emenda à Constituição Estadual nº 146/2021 - fundamento incapacidade - 6-A EC 41/03 (sem acidente em serviço, moléstia profissional ou doença grave, contagiosa ou incurável com ingresso antes de 2004)",N,"Aposentadoria por incapacidade permanente, com proventos integrais (cálculo por integralidade) e com paridade, com base no artigo 40, § 1°, inciso III, segunda parte, da Constituição Federal, com a redação dada pela Emenda Constitucional nº 103/2019, artigo 4º da Emenda à Constituição Estadual nº 146/2021, artigo 6º-A da Emenda Constitucional nº 41/2003, com redação dada pela Emenda Constitucional nº 70/2012 e artigo 20, caput, § 9º, da Lei Complementar Estadual nº 432/2008. (com acidente em serviço, moléstia profissional ou doença grave, contagiosa ou incurável com ingresso antes de 2004)",N,AMBOS,S,Remuneração de Contribuição,,ativa,,importada,,,[]
"Invalidez - Art. 6º-A da EC nº 41/2003, com redação da EC nº 70/2012 e Arts. 17 e 20 da LC 432/2008",APOSENTADORIA POR INVALIDEZ,TRUE,1º,FALSE,FALSE,S,CIVIL,N,,S,N,N,N,N,31/12/2003 00:00,01/01/1950 00:00,31/12/2099 00:00,31/12/2003 00:00,"Aposentadoria por incapacidade permanente, com proventos proporcionais, calculados com base na última remuneração e com paridade, com fundamento no artigo 40, §1º, inciso I, da Constituição Federal, com redação dada pela Emenda Constitucional n. 41/2003, combinado com o artigo 20 da Lei Complementar n. 432/2008, no artigo 6º-A da Emenda Constitucional n. 41/03, com redação dada pela Emenda Constitucional n. 70/2012, bem como no artigo 4º da Emenda à Constituição Estadual nº 146/2021 - fundamento incapacidade - 6-A EC 41/03 (sem acidente em serviço, moléstia profissional ou doença grave, contagiosa ou incurável com ingresso antes de 2004)",N,"Aposentadoria por incapacidade permanente, com proventos integrais (cálculo por integralidade) e com paridade, com base no artigo 40, § 1°, inciso III, segunda parte, da Constituição Federal, com a redação dada pela Emenda Constitucional nº 103/2019, artigo 4º da Emenda à Constituição Estadual nº 146/2021, artigo 6º-A da Emenda Constitucional nº 41/2003, com redação dada pela Emenda Constitucional nº 70/2012 e artigo 20, caput, § 9º, da Lei Complementar Estadual nº 432/2008. (com acidente em serviço, moléstia profissional ou doença grave, contagiosa ou incurável com ingresso antes de 2004)",N,AMBOS,N,Remuneração de Contribuição,,ativa,,importada,,,[]
Pensão por Morte oriunda do Art. 6º-A da EC nº 41/03 redação EC nº 70/12 c/c art. 4º da EC nº 146/2021,PENSÃO POR MORTE,TRUE,1º,FALSE,FALSE,N,CIVIL,N,,S,N,N,N,N,31/12/2003 00:00,01/01/1950 00:00,31/12/2024 00:00,31/12/2003 00:00,art. 40 § 7º II da CF 88 C/C art. 6º-A § -unico da EC nº 41 com redação EC nº 70/12,N,art. 40 § 7º I da CF 88 C/C art. 6º-A § -unico da EC nº 41 com redação EC nº 70/12,N,AMBOS,S,Valor Efetivo mais 70% do que exceder do Teto RGPS,,ativa,,importada,,,[]
Pensão por Morte oriunda do Art. 3º da Emenda Constitucional nº 47/2005 c/c art. 4º da EC nº 146/2021,PENSÃO POR MORTE,TRUE,1º,FALSE,FALSE,N,CIVIL,N,,S,N,N,N,N,31/12/2099 00:00,01/01/1950 00:00,31/12/2024 00:00,31/12/2003 00:00,,N,"art. 40, § 7, I da CF/88 com redação da EC 41/2003 c/c art. 3º, § único da EC 47/2005",N,AMBOS,S,Valor Efetivo mais 70% do que exceder do Teto RGPS,,ativa,,importada,,,[]
"Pensão Morte Art. 40, §7 da EC 41/2003 e Art.28 da LC 432/2008 e alterações da LC 949/2017 e Art.4º da ECE 146/2021",PENSÃO POR MORTE,TRUE,1º,FALSE,FALSE,N,CIVIL,N,,N,N,N,N,N,31/12/2099 00:00,01/01/1950 00:00,31/12/2024 00:00,31/12/2003 00:00,,N,"Pensão mensal, com fundamento nos artigos 10, I; 28, I; 30, II; 31, §§ 1º e 2º; 32, I e II, “a”, e § 1º; 33; 34, I a III, e § 2º; 38; e 62 da Lei Complementar Estadual nº 432/2008, com redação dada pela Lei Complementar Estadual nº 949/2017, bem como no artigo 4º da Emenda Constitucional Estadual nº 146/2021, artigo 40, § 7º, II, § 8º da Constituição Federal, com redação dada pela Emenda Constitucional nº 41/2003 e artigo 40, § 7º da Constituição Federal, com redação dada pela Emenda Constitucional nº 103/2019 - pensão vitalícia e temporária",N,AMBOS,S,Valor Efetivo mais 70% do que exceder do Teto RGPS,,ativa,,importada,,,[]
"Pensão Morte Art. 40, §7 da EC 41/2003 e Art.28 da LC 432/2008 e alterações da LC 949/2017 e Art.4º da ECE 146/2021",PENSÃO POR MORTE,TRUE,1º,FALSE,FALSE,N,CIVIL,N,,N,N,N,N,N,31/12/2099 00:00,01/01/1950 00:00,31/12/2024 00:00,31/12/2003 00:00,,N,"Pensão mensal, com fundamento nos artigos 10, I; 28, I; 30, II; 31, §§ 1º e 2º; 32, I e II, “a”, e § 1º; 33; 34, I a III, e § 2º; 38; e 62 da Lei Complementar Estadual nº 432/2008, com redação dada pela Lei Complementar Estadual nº 949/2017, bem como no artigo 4º da Emenda Constitucional Estadual nº 146/2021, artigo 40, § 7º, II, § 8º da Constituição Federal, com redação dada pela Emenda Constitucional nº 41/2003 e artigo 40, § 7º da Constituição Federal, com redação dada pela Emenda Constitucional nº 103/2019 - pensão vitalícia e temporária",N,AMBOS,S,Valor Efetivo mais 70% do que exceder do Teto RGPS,,ativa,,importada,,,[]
Pensão por Morte - Art. 46 da Lei Complementar 1.100/2021,PENSÃO POR MORTE,TRUE,1º,FALSE,FALSE,N,CIVIL,N,,N,N,N,N,N,31/12/2099 00:00,01/01/2004 00:00,31/12/2099 00:00,01/01/2024 00:00,,N,"Pensão mensal, com fundamento nos artigos 27, inciso I; 46, inciso I; 47, inciso I e II; 49; 50; 51, inciso I, II, III e VIII, alínea ""c"", todos da Lei Complementar Estadual nº 1.100/2021 e artigo 40, § 7º, da Constituição Federal, com redação dada pela Emenda Constitucional nº 103/2019 - pensão vitalícia e temporária",N,AMBOS,N,Tipo Cálculo Nova Previdência Pensão por morte,,ativa,,importada,,,[]
Pensão por Morte - Art. 46 da Lei Complementar 1.100/2021,PENSÃO POR MORTE,TRUE,1º,FALSE,FALSE,N,CIVIL,N,,N,N,N,N,N,31/12/2099 00:00,01/01/2004 00:00,31/12/2099 00:00,01/01/2024 00:00,,N,"Pensão mensal, com fundamento nos artigos 27, inciso I; 46, inciso I; 47, inciso I e II; 49; 50; 51, inciso I, II, III e VIII, alínea ""c"", todos da Lei Complementar Estadual nº 1.100/2021 e artigo 40, § 7º, da Constituição Federal, com redação dada pela Emenda Constitucional nº 103/2019 - pensão vitalícia e temporária",N,AMBOS,N,Tipo Cálculo Nova Previdência Pensão por morte,,ativa,,importada,,,[]
Pensão por Morte - Art. 46 da Lei Complementar 1.100/2021 - Paridade,PENSÃO POR MORTE,TRUE,1º,FALSE,FALSE,N,CIVIL,N,,S,N,N,N,N,31/12/2003 00:00,01/01/1950 00:00,31/12/2099 00:00,01/01/2024 00:00,,N,"Pensão mensal, com fundamento nos artigos 27, inciso I; 46, inciso I; 47, inciso I e II; 49; 50; 51, inciso I, II, III e VIII, alínea ""c"", todos da Lei Complementar Estadual nº 1.100/2021 e artigo 40, § 7º, da Constituição Federal, com redação dada pela Emenda Constitucional nº 103/2019 - pensão vitalícia e temporária",N,MASCULINO,N,Tipo Cálculo Nova Previdência Pensão por morte,,ativa,,importada,,,[]
Pensão por Morte - Art. 46 da Lei Complementar 1.100/2021 - Paridade,PENSÃO POR MORTE,TRUE,1º,FALSE,FALSE,N,CIVIL,N,,S,N,N,N,N,31/12/2003 00:00,01/01/1950 00:00,31/12/2099 00:00,01/01/2024 00:00,,N,"Pensão mensal, com fundamento nos artigos 27, inciso I; 46, inciso I; 47, inciso I e II; 49; 50; 51, inciso I, II, III e VIII, alínea ""c"", todos da Lei Complementar Estadual nº 1.100/2021 e artigo 40, § 7º, da Constituição Federal, com redação dada pela Emenda Constitucional nº 103/2019 - pensão vitalícia e temporária",N,FEMININO,N,Tipo Cálculo Nova Previdência Pensão por morte,,ativa,,importada,,,[]
Pensão por Morte - Art. 46 da Lei Complementar 1.100/2021 - Paridade,PENSÃO POR MORTE,TRUE,1º,FALSE,FALSE,N,CIVIL,N,,S,N,N,N,N,31/12/2003 00:00,01/01/1950 00:00,31/12/2099 00:00,01/01/2024 00:00,,N,"Pensão mensal, com fundamento nos artigos 27, inciso I; 46, inciso I; 47, inciso I e II; 49; 50; 51, inciso I, II, III e VIII, alínea ""c"", todos da Lei Complementar Estadual nº 1.100/2021 e artigo 40, § 7º, da Constituição Federal, com redação dada pela Emenda Constitucional nº 103/2019 - pensão vitalícia e temporária",N,AMBOS,N,Tipo Cálculo Nova Previdência Pensão por morte,,ativa,,importada,,,[]
"Incapacidade Perm.- Art. 40, §1º, I da CF com redaçao da EC 103/19 c/c art. 30 da Lc nº 1100/21 - Até 31/12/2003",APOSENTADORIA POR INCAPACIDADE PERMANENTE,TRUE,1º,FALSE,FALSE,N,CIVIL,N,,S,N,N,N,N,31/12/2003 00:00,01/01/1950 00:00,31/12/2099 00:00,23/10/2021 00:00,,N,"Aposentadoria por incapacidade permanente, com proventos integrais (cálculo por integralidade) e com paridade, com base no artigo 40, § 1º, inciso I, da Constituição Federal, com redação dada pela Emenda Constitucional n. 103/2019 e os artigos 25 e 27, inciso I e 30, §8°, da Lei Complementar Estadual nº 1.100/2021 - fundamento - incapacidade - LCE 1.100/2021 (acidente em serviço, moléstia profissional ou doença grave, contagiosa ou incurável, com ingresso antes de 2004)",N,AMBOS,S,Valor Efetivo,,ativa,,importada,,,[]
"Incapacidade Perm.- Art. 40, §1º, I da CF com redaçao da EC 103/19 c/c art. 30 da Lc nº 1100/21 - Até 31/12/2003",APOSENTADORIA POR INCAPACIDADE PERMANENTE,TRUE,1º,FALSE,FALSE,N,CIVIL,N,,S,N,N,N,N,31/12/2003 00:00,01/01/1950 00:00,31/12/2099 00:00,23/10/2021 00:00,,N,"Aposentadoria por incapacidade permanente, com proventos integrais (cálculo por integralidade) e com paridade, com base no artigo 40, § 1º, inciso I, da Constituição Federal, com redação dada pela Emenda Constitucional n. 103/2019 e os artigos 25 e 27, inciso I e 30, §8°, da Lei Complementar Estadual nº 1.100/2021 - fundamento - incapacidade - LCE 1.100/2021 (acidente em serviço, moléstia profissional ou doença grave, contagiosa ou incurável, com ingresso antes de 2004)",N,AMBOS,N,Proporcionalidade Dias,,ativa,,importada,,,[]
"Incapacidade Perm.- Art. 40, §1º, I da CF com redaçao da EC 103/19 c/c art. 30 da Lc nº 1100/21 - Após 31/12/2003",APOSENTADORIA POR INCAPACIDADE PERMANENTE,TRUE,1º,FALSE,FALSE,S,CIVIL,N,,N,N,N,N,N,31/12/2099 00:00,01/01/2004 00:00,31/12/2099 00:00,23/10/2021 00:00,,N,"Aposentadoria por incapacidade permanente, com proventos integrais (cálculo por média) e sem paridade, com base no artigo 40, § 1º, inciso I, da Constituição Federal, com redação dada pela Emenda Constitucional n. 103/2019 e os artigos 25 e 27, inciso I e 30, §§ 5° e 6º, da Lei Complementar Estadual nº 1.100/2021 (acidente em serviço com ingresso após 2003) | Aposentadoria por incapacidade permanente, com proventos integrais (cálculo por média) e sem paridade, com base no artigo 40, § 1º, inciso I, da Constituição Federal, com redação dada pela Emenda Constitucional n. 103/2019 e os artigos 25 e 27, inciso I e 30, §8°, da Lei Complementar Estadual nº 1.100/2021 (doença grave, contagiosa ou incurável, com ingresso após 2003) | Aposentadoria por incapacidade permanente, com proventos integrais (cálculo por média) e sem paridade, com base no artigo 40, § 1º, inciso I, da Constituição Federal, com redação dada pela Emenda Constitucional n. 103/2019 e os artigos 25 e 27, inciso I e 30, da Lei Complementar Estadual nº 1.100/2021 (moléstia profissional com ingresso após 2003)",N,AMBOS,N,Proporcionalidade Dias,,ativa,,importada,,,[]
"Incapacidade Perm.- Art. 40, §1º, I da CF com redaçao da EC 103/19 c/c art. 30 da Lc nº 1100/21 - Após 31/12/2003",APOSENTADORIA POR INCAPACIDADE PERMANENTE,TRUE,1º,FALSE,FALSE,S,CIVIL,N,,N,N,N,N,N,31/12/2099 00:00,01/01/2004 00:00,31/12/2099 00:00,23/10/2021 00:00,,N,"Aposentadoria por incapacidade permanente, com proventos integrais (cálculo por média) e sem paridade, com base no artigo 40, § 1º, inciso I, da Constituição Federal, com redação dada pela Emenda Constitucional n. 103/2019 e os artigos 25 e 27, inciso I e 30, §§ 5° e 6º, da Lei Complementar Estadual nº 1.100/2021 (acidente em serviço com ingresso após 2003) | Aposentadoria por incapacidade permanente, com proventos integrais (cálculo por média) e sem paridade, com base no artigo 40, § 1º, inciso I, da Constituição Federal, com redação dada pela Emenda Constitucional n. 103/2019 e os artigos 25 e 27, inciso I e 30, §8°, da Lei Complementar Estadual nº 1.100/2021 (doença grave, contagiosa ou incurável, com ingresso após 2003) | Aposentadoria por incapacidade permanente, com proventos integrais (cálculo por média) e sem paridade, com base no artigo 40, § 1º, inciso I, da Constituição Federal, com redação dada pela Emenda Constitucional n. 103/2019 e os artigos 25 e 27, inciso I e 30, da Lei Complementar Estadual nº 1.100/2021 (moléstia profissional com ingresso após 2003)",N,AMBOS,S,Valor Médio,,ativa,,importada,,,[]
Aposentadoria Compulsória - Redação Original CF/88,APOSENTADORIA COMPULSÓRIA,TRUE,2º,FALSE,FALSE,N,CIVIL,N,,S,N,N,N,N,16/12/1998 00:00,01/01/1910 00:00,16/12/1998 00:00,01/01/1910 00:00,"Art. 40, inciso II da Constituição Federal de 1988 em seu texto original",N,,N,,,Não identificado,,ativa,,importada,,,[]
Aposentadoria por Idade - Redação Original CF/88,APOSENTADORIA POR IDADE,TRUE,2º,FALSE,FALSE,N,CIVIL,N,,S,N,N,N,N,16/12/1998 00:00,01/01/1910 00:00,16/12/1998 00:00,01/01/1910 00:00,"Art. 40, inciso III, alínea ""d"" da Constituição Federal de 1988 em seu texto original",N,,N,,,Não identificado,,ativa,,importada,,,[]
Aposentadoria Compulsória - Redação EC 20/1998,APOSENTADORIA COMPULSÓRIA,TRUE,2º,FALSE,FALSE,N,CIVIL,N,,S,N,N,N,N,31/12/2003 00:00,01/01/1910 00:00,31/12/2003 00:00,16/12/1998 00:00,"Art 40, §1º, II, da CF com redação da EC 20/98",N,,N,,,Não identificado,,ativa,,importada,,,[]
Aposentadoria por Idade - Redação EC 20/1998,APOSENTADORIA POR IDADE,TRUE,2º,FALSE,FALSE,N,CIVIL,N,,S,N,N,N,N,31/12/2003 00:00,01/01/1910 00:00,31/12/2003 00:00,16/12/1998 00:00,"Art 40, §1º, III, alinea ""b"" da CF com redação da EC 20/98",N,,N,,,Não identificado,,ativa,,importada,,,[]
"Compulsória - Art. 40, §1º, II da CF, com redação dada pela EC nº 41/2003 e Art. 21 da LC 432/2008",APOSENTADORIA COMPULSÓRIA,TRUE,2º,FALSE,FALSE,S,CIVIL,N,,N,N,N,N,N,31/12/2099 00:00,01/01/1950 00:00,03/12/2015 00:00,31/12/2003 00:00,"Art. 40, § 1º, inciso II, da Constituição Federal, com redação dada pela Emenda Constitucional nº 88/2015; em conformidade com a Lei Complementar nº 152/2015, combinado com os artigos 17, 21, § 1º, 45 e 62 da Lei Complementar Estadual nº 432/2008, e com o artigo 4º da Emenda Constitucional Estadual nº 146/2021.",N,,N,AMBOS,N,Proporcionalidade Dias,,ativa,,importada,,,[]
"Voluntária Comum Idade - Art. 40, §1º,III, ""b"" da CF c/c art. 4º da EC 146/21",APOSENTADORIA POR IDADE,TRUE,2º,FALSE,FALSE,S,CIVIL,N,,N,N,N,N,N,31/12/2099 00:00,01/01/1950 00:00,31/12/2024 00:00,31/12/2003 00:00,"Artigo 40, § 1º, inciso II da Constituição Federal, com redação dada pela Emenda Constitucional nº 41/2003, artigos 17, 45 e 62 da Lei Complementar Estadual nº 432/2008 e art. 1º Lei nº 10.887/2004",N,,N,MASCULINO,N,Proporcionalidade Dias,,ativa,,importada,,,[]
"Voluntária Comum Idade - Art. 40, §1º,III, ""b"" da CF c/c art. 4º da EC 146/21",APOSENTADORIA POR IDADE,TRUE,2º,FALSE,FALSE,S,CIVIL,N,,N,N,N,N,N,31/12/2099 00:00,01/01/1950 00:00,31/12/2024 00:00,31/12/2003 00:00,"Artigo 40, § 1º, inciso II da Constituição Federal, com redação dada pela Emenda Constitucional nº 41/2003, artigos 17, 45 e 62 da Lei Complementar Estadual nº 432/2008 e art. 1º Lei nº 10.887/2004",N,,N,FEMININO,N,Proporcionalidade Dias,,ativa,,importada,,,[]
"Compulsória - Art. 40, §1º, II da CF e LC nº 152/15, c/c art. 31 da Lei Complementar nº 1.100 /2021",APOSENTADORIA COMPULSÓRIA,TRUE,2º,FALSE,FALSE,S,CIVIL,N,,N,N,N,N,N,31/12/2099 00:00,01/01/1950 00:00,31/12/2024 00:00,04/12/2015 00:00,"Aposentadoria compulsória com proventos proporcionais ao tempo de contribuição, com base na média aritmética simples, e sem paridade, com base no artigo 40, § 1º, II, da Constituição Federal, com redação dada pela Emenda Constitucional nº 88/2015, artigo 2º da Lei Complementar nº 152/2015, artigos 24, 26, 27, inciso II, e 31 da Lei Complementar Estadual nº 1.100/2021.",N,,N,MASCULINO,N,Proporcionalidade Dias,,ativa,,importada,,,[]
"Compulsória - Art. 40, §1º, II da CF e LC nº 152/15, c/c art. 31 da Lei Complementar nº 1.100 /2021",APOSENTADORIA COMPULSÓRIA,TRUE,2º,FALSE,FALSE,S,CIVIL,N,,N,N,N,N,N,31/12/2099 00:00,01/01/1950 00:00,31/12/2024 00:00,04/12/2015 00:00,"Aposentadoria compulsória com proventos proporcionais ao tempo de contribuição, com base na média aritmética simples, e sem paridade, com base no artigo 40, § 1º, II, da Constituição Federal, com redação dada pela Emenda Constitucional nº 88/2015, artigo 2º da Lei Complementar nº 152/2015, artigos 24, 26, 27, inciso II, e 31 da Lei Complementar Estadual nº 1.100/2021.",N,,N,FEMININO,N,Proporcionalidade Dias,,ativa,,importada,,,[]
"Compulsória - Art. 40, §1º, II da CF com redaçao da EC 103/19 c/c art. 31 da Lc nº 1.100/2021",APOSENTADORIA COMPULSÓRIA,TRUE,2º,FALSE,FALSE,S,CIVIL,N,,N,N,N,N,N,31/12/2099 00:00,01/01/1950 00:00,31/12/2099 00:00,18/10/2021 00:00,"Aposentadoria compulsória, com proventos proporcionais ao tempo de contribuição (média aritmética simples) e sem paridade, com base no artigo 40, § 1º, inciso II, da Constituição Federal, com redação dada pela Emenda Constitucional nº 88/2015; em conformidade com a Lei Complementar nº 152/2015, combinado com os artigos 17, 21, § 1º, 45 e 62 da Lei Complementar Estadual nº 432/2008, e com o artigo 4º da Emenda Constitucional Estadual nº 146/2021.",N,,N,AMBOS,N,Tipo Cálculo Nova Previdência,,ativa,,importada,,,[]
"Voluntária por Idade do Servidor com Deficiência - Art. 35, IV da Lei Complementar 1.100/2021",APOSENTADORIA POR IDADE,TRUE,2º,FALSE,FALSE,S,CIVIL,S,,N,N,N,N,N,31/12/2099 00:00,01/01/1950 00:00,31/12/2099 00:00,18/10/2021 00:00,,N,"Aposentadoria voluntária de servidor com deficiência, com proventos integrais (cálculo por média) e sem paridade, com base no artigo 40, § 4º-A, da Constituição Federal, com redação dada pela Emenda Constitucional nº 103/2019, artigos 24, 27, II; 35, da Lei Complementar nº 1.100/2021 e artigo 40, § 1°, inciso III, segunda parte, da Constituição Federal, com a redação dada pela Emenda Constitucional nº 103/2019",N,MASCULINO,N,Valor Médio,,ativa,,importada,,,[]
"Voluntária por Idade do Servidor com Deficiência - Art. 35, IV da Lei Complementar 1.100/2021",APOSENTADORIA POR IDADE,TRUE,2º,FALSE,FALSE,S,CIVIL,S,,N,N,N,N,N,31/12/2099 00:00,01/01/1950 00:00,31/12/2099 00:00,18/10/2021 00:00,,N,"Aposentadoria voluntária de servidor com deficiência, com proventos integrais (cálculo por média) e sem paridade, com base no artigo 40, § 4º-A, da Constituição Federal, com redação dada pela Emenda Constitucional nº 103/2019, artigos 24, 27, II; 35, da Lei Complementar nº 1.100/2021 e artigo 40, § 1°, inciso III, segunda parte, da Constituição Federal, com a redação dada pela Emenda Constitucional nº 103/2019",N,FEMININO,N,Valor Médio,,ativa,,importada,,,[]
"Voluntária por Idade e Tempo de Contrib. - Art. 40, §1º, III da Constituição Federal c/c do Art. 32 da LC 1.100/21",APOSENTADORIA VOLUNTÁRIA POR TEMPO DE CONTRIBUIÇÃO,TRUE,3º,FALSE,FALSE,S,CIVIL,N,,S,N,N,N,N,31/12/2003 00:00,01/01/1950 00:00,31/12/2099 00:00,18/10/2021 00:00,,N,"Aposentadoria voluntária por idade e tempo de contribuição, com proventos integrais (cálculo por integralidade) e com paridade, com base no artigo 40, § 1°, inciso III, da Constituição Federal, com a redação dada pela Emenda Constitucional nº 103/2019, e artigos 25, 27, inciso I, e artigo 32, da Lei Complementar nº 1.100/2021.",N,MASCULINO,S,Remuneração de Contribuição,,ativa,,importada,,,[]
"Voluntária por Idade e Tempo de Contrib. - Art. 40, §1º, III da Constituição Federal c/c do Art. 32 da LC 1.100/21",APOSENTADORIA VOLUNTÁRIA POR TEMPO DE CONTRIBUIÇÃO,TRUE,3º,FALSE,FALSE,S,CIVIL,N,,S,N,N,N,N,31/12/2003 00:00,01/01/1950 00:00,31/12/2099 00:00,18/10/2021 00:00,,N,"Aposentadoria voluntária por idade e tempo de contribuição, com proventos integrais (cálculo por integralidade) e com paridade, com base no artigo 40, § 1°, inciso III, da Constituição Federal, com a redação dada pela Emenda Constitucional nº 103/2019, e artigos 25, 27, inciso I, e artigo 32, da Lei Complementar nº 1.100/2021.",N,FEMININO,S,Remuneração de Contribuição,,ativa,,importada,,,[]
"Voluntária por Idade e Tempo de Contrib. - Art. 40, §1º, III da Constituição Federal c/c do Art. 32 da LC 1.100/21",APOSENTADORIA VOLUNTÁRIA POR TEMPO DE CONTRIBUIÇÃO,TRUE,3º,FALSE,FALSE,S,CIVIL,N,,N,N,N,N,N,31/12/2099 00:00,01/01/1910 00:00,31/12/2099 00:00,18/10/2021 00:00,,N,"Aposentadoria voluntária por idade e tempo de contribuição, com proventos integrais (cálculo por média) e sem paridade, com base no artigo 40, § 1°, inciso III, da Constituição Federal, com a redação dada pela Emenda Constitucional nº 103/2019, e artigos 24, 27, inciso II, e artigo 32, da Lei Complementar nº 1.100/2021.",N,MASCULINO,S,Valor Médio,Art. 24 da Lei Complementar 1.100 de 18 de outubro de 2021,ativa,,importada,,,[]
"Voluntária por Idade e Tempo de Contrib. - Art. 40, §1º, III da Constituição Federal c/c do Art. 32 da LC 1.100/21",APOSENTADORIA VOLUNTÁRIA POR TEMPO DE CONTRIBUIÇÃO,TRUE,3º,FALSE,FALSE,S,CIVIL,N,,N,N,N,N,N,31/12/2099 00:00,01/01/1910 00:00,31/12/2099 00:00,18/10/2021 00:00,,N,"Aposentadoria voluntária por idade e tempo de contribuição, com proventos integrais (cálculo por média) e sem paridade, com base no artigo 40, § 1°, inciso III, da Constituição Federal, com a redação dada pela Emenda Constitucional nº 103/2019, e artigos 24, 27, inciso II, e artigo 32, da Lei Complementar nº 1.100/2021.",N,FEMININO,S,Valor Médio,,ativa,,importada,,,[]
"Voluntária por Idade e Tempo de Contrib - Art. 24, 45 e 62 da LCE 432/08 e Art. 4º da EC/Estadual (Magistério)",APOSENTADORIA VOLUNTÁRIA POR TEMPO DE CONTRIBUIÇÃO,TRUE,3º,FALSE,FALSE,S,CIVIL,S,,N,N,N,N,N,31/12/2099 00:00,31/12/2003 00:00,31/12/2099 00:00,18/10/2021 00:00,,N,"Aposentadoria especial de professor, com proventos integrais (cálculo por média) e sem paridade, com base no artigo 40, §1º, inciso III, alínea “a” e §5º, da Constituição Federal, com redação dada pela Emenda Constitucional nº 20/1998, quanto ao preenchimento dos requisitos de aposentadoria; artigo 40, §§ 3º e 8º com redação dada pela Emenda Constitucional nº 41/2003, no que tange à fórmula de cálculo e reajuste; artigos 24, 45 e 62 da Lei Complementar Estadual nº 432/2008, e no artigo 4º da Emenda Constitucional Estadual nº 146/2021.",N,MASCULINO,N,Valor Médio,,ativa,,importada,,,[]
"Voluntária por Idade e Tempo de Contrib - Art. 24, 45 e 62 da LCE 432/08 e Art. 4º da EC/Estadual (Magistério)",APOSENTADORIA VOLUNTÁRIA POR TEMPO DE CONTRIBUIÇÃO,TRUE,3º,FALSE,FALSE,S,CIVIL,S,,N,N,N,N,N,31/12/2099 00:00,31/12/2003 00:00,31/12/2099 00:00,18/10/2021 00:00,,N,"Aposentadoria especial de professor, com proventos integrais (cálculo por média) e sem paridade, com base no artigo 40, §1º, inciso III, alínea “a” e §5º, da Constituição Federal, com redação dada pela Emenda Constitucional nº 20/1998, quanto ao preenchimento dos requisitos de aposentadoria; artigo 40, §§ 3º e 8º com redação dada pela Emenda Constitucional nº 41/2003, no que tange à fórmula de cálculo e reajuste; artigos 24, 45 e 62 da Lei Complementar Estadual nº 432/2008, e no artigo 4º da Emenda Constitucional Estadual nº 146/2021.",N,FEMININO,N,Valor Médio,,ativa,,importada,,,[]
"Voluntária por Idade e Tempo de Contrib. - Art. 40, §1º, III da CF c/c do Art. 25, 27, I da LC 1100/21 (Magistério)",APOSENTADORIA VOLUNTÁRIA POR TEMPO DE CONTRIBUIÇÃO,TRUE,3º,FALSE,FALSE,S,CIVIL,S,,S,N,N,N,N,31/12/2003 00:00,01/01/1950 00:00,31/12/2099 00:00,18/10/2021 00:00,,N,"Aposentadoria especial de professor, com proventos integrais (cálculo por integralidade) e com paridade, com base no artigo 40, § 5°, da Constituição Federal, com redação dada pela Emenda Constitucional nº 103/2019, artigos 25, 27, I; 33, da Lei Complementar nº 1.100/2021 e artigo 40, § 1°, inciso III, segunda parte, da Constituição Federal, com a redação dada pela Emenda Constitucional nº 103/2019 - regra permanente da aposentadoria especial de professor.",N,MASCULINO,S,Remuneração de Contribuição,,ativa,,importada,,,[]
"Voluntária por Idade e Tempo de Contrib. - Art. 40, §1º, III da CF c/c do Art. 25, 27, I da LC 1100/21 (Magistério)",APOSENTADORIA VOLUNTÁRIA POR TEMPO DE CONTRIBUIÇÃO,TRUE,3º,FALSE,FALSE,S,CIVIL,S,,S,N,N,N,N,31/12/2003 00:00,01/01/1950 00:00,31/12/2099 00:00,18/10/2021 00:00,,N,"Aposentadoria especial de professor, com proventos integrais (cálculo por integralidade) e com paridade, com base no artigo 40, § 5°, da Constituição Federal, com redação dada pela Emenda Constitucional nº 103/2019, artigos 25, 27, I; 33, da Lei Complementar nº 1.100/2021 e artigo 40, § 1°, inciso III, segunda parte, da Constituição Federal, com a redação dada pela Emenda Constitucional nº 103/2019 - regra permanente da aposentadoria especial de professor.",N,FEMININO,S,Remuneração de Contribuição,,ativa,,importada,,,[]
"Voluntária por Idade e Tempo de Contribuição - Art. 6º, §2º, I da EC nº 146/2021",APOSENTADORIA VOLUNTÁRIA POR TEMPO DE CONTRIBUIÇÃO,TRUE,3º,FALSE,FALSE,S,CIVIL,N,,S,N,N,N,N,31/12/2003 00:00,01/01/1950 00:00,31/12/2099 00:00,14/09/2021 00:00,,N,"Aposentadoria voluntária por idade e tempo de contribuição, com proventos integrais (cálculo por integralidade) e com paridade, com base no artigo 6º, § 2º, I, e § 3°, I, da EC nº 146/2021, e artigo 40, § 1°, inciso III, segunda parte, da Constituição Federal, com a redação dada pela Emenda Constitucional nº 103/2019 - REGRA TRANSITÓRIA - EMENDA ESTADUAL",N,MASCULINO,S,Remuneração de Contribuição,"Art. 6º, § 2º, I, da EC 146/2021 (cálculo por integralidade e paridade remuneratória)",ativa,,importada,,,[]
"Voluntária por Idade e Tempo de Contribuição - Art. 6º, §2º, I da EC nº 146/2021",APOSENTADORIA VOLUNTÁRIA POR TEMPO DE CONTRIBUIÇÃO,TRUE,3º,FALSE,FALSE,S,CIVIL,N,,S,N,N,N,N,31/12/2003 00:00,01/01/1950 00:00,31/12/2099 00:00,14/09/2021 00:00,,N,"Aposentadoria voluntária por idade e tempo de contribuição, com proventos integrais (cálculo por integralidade) e com paridade, com base no artigo 6º, § 2º, I, e § 3°, I, da EC nº 146/2021, e artigo 40, § 1°, inciso III, segunda parte, da Constituição Federal, com a redação dada pela Emenda Constitucional nº 103/2019 - REGRA TRANSITÓRIA - EMENDA ESTADUAL",N,FEMININO,S,Remuneração de Contribuição,,ativa,,importada,,,[]
"Voluntária por Idade e Tempo de Contrib. - Art. 6º, §2º, I, da EC nº 146/21 (Magistério)",APOSENTADORIA VOLUNTÁRIA POR TEMPO DE CONTRIBUIÇÃO,TRUE,3º,FALSE,FALSE,S,CIVIL,S,,S,N,N,N,N,31/12/2003 00:00,01/01/1950 00:00,31/12/2099 00:00,14/09/2021 00:00,,N,"Aposentadoria especial de professor, com proventos integrais (cálculo por integralidade) e com paridade, com base no artigo 6º, §§ 1° e 2°, inciso I, e § 3º, I, da Emenda Constitucional Estadual nº 146/2021, e artigo 40, §5°, da Constituição Federal, com a redação dada pela Emenda Constitucional nº 103/2019.",N,MASCULINO,S,Remuneração de Contribuição,"Art. 6º, §2º, I, da EC 146/2021 (cálculo por integralidade e paridade remuneratória)",ativa,,importada,,,[]
"Voluntária por Idade e Tempo de Contrib. - Art. 6º, §2º, I, da EC nº 146/21 (Magistério)",APOSENTADORIA VOLUNTÁRIA POR TEMPO DE CONTRIBUIÇÃO,TRUE,3º,FALSE,FALSE,S,CIVIL,S,,S,N,N,N,N,31/12/2003 00:00,01/01/1950 00:00,31/12/2099 00:00,14/09/2021 00:00,,N,"Aposentadoria especial de professor, com proventos integrais (cálculo por integralidade) e com paridade, com base no artigo 6º, §§ 1° e 2°, inciso I, e § 3º, I, da Emenda Constitucional Estadual nº 146/2021, e artigo 40, §5°, da Constituição Federal, com a redação dada pela Emenda Constitucional nº 103/2019.",N,FEMININO,S,Remuneração de Contribuição,"Art. 6º, §2º, I, da EC 146/2021 (cálculo por integralidade e paridade remuneratória)",ativa,,importada,,,[]
"Voluntária por Idade e Tempo de Contribuição - Art. 6º, §2º, II da EC nº 146/2021",APOSENTADORIA VOLUNTÁRIA POR TEMPO DE CONTRIBUIÇÃO,TRUE,3º,FALSE,FALSE,S,CIVIL,N,,N,N,N,N,N,14/09/2021 00:00,01/01/1950 00:00,31/12/2099 00:00,14/09/2021 00:00,,N,"Aposentadoria voluntária por idade e tempo de contribuição, com proventos integrais (cálculo por média) e sem paridade, com base no artigo 6º, § 2º, II, e § 3°, II, da EC nº 146/2021, e artigo 40, § 1°, inciso III, segunda parte, da Constituição Federal, com a redação dada pela Emenda Constitucional nº 103/2019 - REGRA TRANSITÓRIA - EMENDA ESTADUAL",N,MASCULINO,S,Valor Médio,"Art. 6º, §2º, II da EC 146/2021 (cálculo pela média das 80% maiores remunerações e sem paridade remuneratória).",ativa,,importada,,,[]
"Voluntária por Idade e Tempo de Contribuição - Art. 6º, §2º, II da EC nº 146/2021",APOSENTADORIA VOLUNTÁRIA POR TEMPO DE CONTRIBUIÇÃO,TRUE,3º,FALSE,FALSE,S,CIVIL,N,,N,N,N,N,N,14/09/2021 00:00,01/01/1950 00:00,31/12/2099 00:00,14/09/2021 00:00,,N,"Aposentadoria voluntária por idade e tempo de contribuição, com proventos integrais (cálculo por média) e sem paridade, com base no artigo 6º, § 2º, II, e § 3°, II, da EC nº 146/2021, e artigo 40, § 1°, inciso III, segunda parte, da Constituição Federal, com a redação dada pela Emenda Constitucional nº 103/2019 - REGRA TRANSITÓRIA - EMENDA ESTADUAL",N,FEMININO,S,Valor Médio,"Art. 6º, §2º, II da EC 146/2021 (cálculo pela média das 80% maiores remunerações e sem paridade remuneratória).",ativa,,importada,,,[]
"Voluntária por Idade e Tempo de Contrib. - Art. 6º, §2º, II da EC 146/21 (Magistério)",APOSENTADORIA VOLUNTÁRIA POR TEMPO DE CONTRIBUIÇÃO,TRUE,3º,FALSE,FALSE,S,CIVIL,S,,N,N,N,N,N,14/06/2021 00:00,01/01/1950 00:00,31/12/2099 00:00,14/09/2021 00:00,,N,"Aposentadoria especial de professor, com proventos integrais (cálculo por média) e sem paridade, com base no artigo 6º, §§ 1° e 2°, inciso II, e § 3º, II, da Emenda Constitucional Estadual nº 146/2021, e artigo 40, §5°, da Constituição Federal, com a redação dada pela Emenda Constitucional nº 103/2019.",N,MASCULINO,S,Valor Médio,"Art. 6º, §2º, II da EC 146/2021 (cálculo pela média das 80% maiores remunerações e sem paridade remuneratória)",ativa,,importada,,,[]
"Voluntária por Idade e Tempo de Contrib. - Art. 6º, §2º, II da EC 146/21 (Magistério)",APOSENTADORIA VOLUNTÁRIA POR TEMPO DE CONTRIBUIÇÃO,TRUE,3º,FALSE,FALSE,S,CIVIL,S,,N,N,N,N,N,14/06/2021 00:00,01/01/1950 00:00,31/12/2099 00:00,14/09/2021 00:00,,N,"Aposentadoria especial de professor, com proventos integrais (cálculo por média) e sem paridade, com base no artigo 6º, §§ 1° e 2°, inciso II, e § 3º, II, da Emenda Constitucional Estadual nº 146/2021, e artigo 40, §5°, da Constituição Federal, com a redação dada pela Emenda Constitucional nº 103/2019.",N,FEMININO,S,Valor Médio,"Art. 6º, §2º, II da EC 146/2021 (cálculo pela média das 80% maiores remunerações e sem paridade remuneratória)",ativa,,importada,,,[]
"Voluntária por Idade e Tempo de Contribuição - Art. 5º, §6º, I da EC nº 146/2021",APOSENTADORIA VOLUNTÁRIA POR TEMPO DE CONTRIBUIÇÃO,TRUE,3º,FALSE,FALSE,S,CIVIL,N,,S,S,N,N,N,31/12/2003 00:00,01/01/1950 00:00,31/12/2099 00:00,14/09/2021 00:00,,N,"Aposentadoria voluntária por idade e tempo de contribuição, com proventos integrais (cálculo por integralidade) e com paridade, com base no artigo 5º, § 6º, I, e § 7°, I, da EC nº 146/2021, e artigo 40, § 1°, inciso III, segunda parte, da Constituição Federal, com a redação dada pela Emenda Constitucional nº 103/2019 - REGRA TRANSITÓRIA - EMENDA ESTADUAL",N,MASCULINO,S,Remuneração de Contribuição,,ativa,,importada,,,[]
"Voluntária por Idade e Tempo de Contribuição - Art. 5º, §6º, I da EC nº 146/2021",APOSENTADORIA VOLUNTÁRIA POR TEMPO DE CONTRIBUIÇÃO,TRUE,3º,FALSE,FALSE,S,CIVIL,N,,S,S,N,N,N,31/12/2003 00:00,01/01/1950 00:00,31/12/2099 00:00,14/09/2021 00:00,,N,"Aposentadoria voluntária por idade e tempo de contribuição, com proventos integrais (cálculo por integralidade) e com paridade, com base no artigo 5º, § 6º, I, e § 7°, I, da EC nº 146/2021, e artigo 40, § 1°, inciso III, segunda parte, da Constituição Federal, com a redação dada pela Emenda Constitucional nº 103/2019 - REGRA TRANSITÓRIA - EMENDA ESTADUAL",N,FEMININO,S,Remuneração de Contribuição,,ativa,,importada,,,[]
"Voluntária por Idade e Tempo de Contrib. - Art.5º, §4º da EC nº 146/21 (Magistério)",APOSENTADORIA VOLUNTÁRIA POR TEMPO DE CONTRIBUIÇÃO,TRUE,3º,FALSE,FALSE,S,CIVIL,S,,S,S,N,N,N,31/12/2003 00:00,01/01/1950 00:00,31/12/2099 00:00,14/09/2021 00:00,,N,"Aposentadoria especial de professor, com proventos integrais (cálculo por integralidade) e com paridade, com base no artigo 5º, §§ 4° e 6°, inciso I, e § 7º, I, da Emenda Constitucional Estadual nº 146/2021, e artigo 40, §5°, da Constituição Federal, com a redação dada pela Emenda Constitucional nº 103/2019.",N,MASCULINO,S,Remuneração de Contribuição,,ativa,,importada,,,[]
"Voluntária por Idade e Tempo de Contrib. - Art.5º, §4º da EC nº 146/21 (Magistério)",APOSENTADORIA VOLUNTÁRIA POR TEMPO DE CONTRIBUIÇÃO,TRUE,3º,FALSE,FALSE,S,CIVIL,S,,S,S,N,N,N,31/12/2003 00:00,01/01/1950 00:00,31/12/2099 00:00,14/09/2021 00:00,,N,"Aposentadoria especial de professor, com proventos integrais (cálculo por integralidade) e com paridade, com base no artigo 5º, §§ 4° e 6°, inciso I, e § 7º, I, da Emenda Constitucional Estadual nº 146/2021, e artigo 40, §5°, da Constituição Federal, com a redação dada pela Emenda Constitucional nº 103/2019.",N,FEMININO,S,Remuneração de Contribuição,,ativa,,importada,,,[]
"Voluntária por Idade e Tempo de Contribuição - Art. 5º, §6º, II da EC nº 146/2021",APOSENTADORIA VOLUNTÁRIA POR TEMPO DE CONTRIBUIÇÃO,TRUE,3º,FALSE,FALSE,S,CIVIL,N,,N,S,N,N,N,31/12/2099 00:00,01/01/1950 00:00,31/12/2099 00:00,14/09/2021 00:00,,N,"Aposentadoria voluntária por idade e tempo de contribuição, com proventos integrais (cálculo por média) e sem paridade, com base no artigo 5º, § 6º, II, e § 7°, II, da EC nº 146/2021, e artigo 40, § 1°, inciso III, segunda parte, da Constituição Federal, com a redação dada pela Emenda Constitucional nº 103/2019 - REGRA TRANSITÓRIA - EMENDA ESTADUAL",N,MASCULINO,S,Valor Médio,,ativa,,importada,,,[]
"Voluntária por Idade e Tempo de Contribuição - Art. 5º, §6º, II da EC nº 146/2021",APOSENTADORIA VOLUNTÁRIA POR TEMPO DE CONTRIBUIÇÃO,TRUE,3º,FALSE,FALSE,S,CIVIL,N,,N,S,N,N,N,31/12/2099 00:00,01/01/1950 00:00,31/12/2099 00:00,14/09/2021 00:00,,N,"Aposentadoria voluntária por idade e tempo de contribuição, com proventos integrais (cálculo por média) e sem paridade, com base no artigo 5º, § 6º, II, e § 7°, II, da EC nº 146/2021, e artigo 40, § 1°, inciso III, segunda parte, da Constituição Federal, com a redação dada pela Emenda Constitucional nº 103/2019 - REGRA TRANSITÓRIA - EMENDA ESTADUAL",N,FEMININO,S,Valor Médio,,ativa,,importada,,,[]
"Voluntária por Idade e Tempo de Contribuição - Art.5º, §4º da EC 146/21 (Magistério)",APOSENTADORIA VOLUNTÁRIA POR TEMPO DE CONTRIBUIÇÃO,TRUE,3º,FALSE,FALSE,S,CIVIL,S,,N,S,N,N,N,09/09/2021 00:00,01/01/2004 00:00,31/12/2099 00:00,14/09/2021 00:00,,N,"Aposentadoria especial de professor, com proventos integrais (cálculo por média) e sem paridade, com base no artigo 5º, §§ 4° e 6°, inciso II, e § 7º, II, da Emenda Constitucional Estadual nº 146/2021, e artigo 40, §5°, da Constituição Federal, com a redação dada pela Emenda Constitucional nº 103/2019.",N,MASCULINO,N,Valor Médio,"Art.5º, §4º e § 6º, II, da EC 146/2021 (cálculo pela média das 80% maiores remunerações e sem paridade remuneratória)",ativa,,importada,,,[]
"Voluntária por Idade e Tempo de Contribuição - Art.5º, §4º da EC 146/21 (Magistério)",APOSENTADORIA VOLUNTÁRIA POR TEMPO DE CONTRIBUIÇÃO,TRUE,3º,FALSE,FALSE,S,CIVIL,S,,N,S,N,N,N,09/09/2021 00:00,01/01/2004 00:00,31/12/2099 00:00,14/09/2021 00:00,,N,"Aposentadoria especial de professor, com proventos integrais (cálculo por média) e sem paridade, com base no artigo 5º, §§ 4° e 6°, inciso II, e § 7º, II, da Emenda Constitucional Estadual nº 146/2021, e artigo 40, §5°, da Constituição Federal, com a redação dada pela Emenda Constitucional nº 103/2019.",N,FEMININO,S,Valor Médio,"Art.5º, §4º e § 6º, II, da EC 146/2021 (cálculo pela média das 80% maiores remunerações e sem paridade remuneratória)",ativa,,importada,,,[]
"Voluntária do Servidor Com Deficiência - Art. 35, inciso II da Lei Complementar 1.100/2021 (MODERADA)",APOSENTADORIA VOLUNTÁRIA POR TEMPO DE CONTRIBUIÇÃO,TRUE,3º,FALSE,FALSE,S,CIVIL,S,,N,N,N,N,N,31/12/2099 00:00,01/01/1950 00:00,31/12/2099 00:00,18/10/2021 00:00,,N,"Aposentadoria voluntária de servidor com deficiência, com proventos integrais (cálculo por integralidade) e com paridade, com base no artigo 40, § 4º-A, da Constituição Federal, com redação dada pela Emenda Constitucional nº 103/2019, artigos 25, 27, I; 35, da Lei Complementar nº 1.100/2021 e artigo 40, § 1°, inciso III, segunda parte, da Constituição Federal, com a redação dada pela Emenda Constitucional nº 103/2019",N,FEMININO,S,Valor Médio,,ativa,,importada,,,[]
"Voluntária do Servidor Com Deficiência - Art. 35, inciso II da Lei Complementar 1.100/2021 (MODERADA)",APOSENTADORIA VOLUNTÁRIA POR TEMPO DE CONTRIBUIÇÃO,TRUE,3º,FALSE,FALSE,S,CIVIL,S,,N,N,N,N,N,31/12/2099 00:00,01/01/1950 00:00,31/12/2099 00:00,18/10/2021 00:00,,N,"Aposentadoria voluntária de servidor com deficiência, com proventos integrais (cálculo por integralidade) e com paridade, com base no artigo 40, § 4º-A, da Constituição Federal, com redação dada pela Emenda Constitucional nº 103/2019, artigos 25, 27, I; 35, da Lei Complementar nº 1.100/2021 e artigo 40, § 1°, inciso III, segunda parte, da Constituição Federal, com a redação dada pela Emenda Constitucional nº 103/2019",N,MASCULINO,S,Valor Médio,,ativa,,importada,,,[]
"Voluntária do Servidor Com Deficiência - Art. 35, inciso I da Lei Complementar 1.100/2021 (GRAVE)",APOSENTADORIA VOLUNTÁRIA POR TEMPO DE CONTRIBUIÇÃO,TRUE,3º,FALSE,FALSE,S,CIVIL,S,,N,N,N,N,N,31/12/2099 00:00,01/01/1950 00:00,31/12/2099 00:00,18/10/2021 00:00,,N,"Aposentadoria voluntária de servidor com deficiência, com proventos integrais (cálculo por integralidade) e com paridade, com base no artigo 40, § 4º-A, da Constituição Federal, com redação dada pela Emenda Constitucional nº 103/2019, artigos 25, 27, I; 35, da Lei Complementar nº 1.100/2021 e artigo 40, § 1°, inciso III, segunda parte, da Constituição Federal, com a redação dada pela Emenda Constitucional nº 103/2019",N,FEMININO,S,Valor Médio,"Art. 39, paragrafo unico da Lei Complementar 432/2008",ativa,,importada,,,[]
"Voluntária do Servidor Com Deficiência - Art. 35, inciso I da Lei Complementar 1.100/2021 (GRAVE)",APOSENTADORIA VOLUNTÁRIA POR TEMPO DE CONTRIBUIÇÃO,TRUE,3º,FALSE,FALSE,S,CIVIL,S,,N,N,N,N,N,31/12/2099 00:00,01/01/1950 00:00,31/12/2099 00:00,18/10/2021 00:00,,N,"Aposentadoria voluntária de servidor com deficiência, com proventos integrais (cálculo por integralidade) e com paridade, com base no artigo 40, § 4º-A, da Constituição Federal, com redação dada pela Emenda Constitucional nº 103/2019, artigos 25, 27, I; 35, da Lei Complementar nº 1.100/2021 e artigo 40, § 1°, inciso III, segunda parte, da Constituição Federal, com a redação dada pela Emenda Constitucional nº 103/2019",N,MASCULINO,S,Valor Médio,"Art. 39, paragrafo unico da Lei Complementar 432/2008",ativa,,importada,,,[]
"Voluntária do Servidor Com Deficiência - Art. 35, inciso III da Lei Complementar 1.100/2021 (LEVE)",APOSENTADORIA VOLUNTÁRIA POR TEMPO DE CONTRIBUIÇÃO,TRUE,3º,FALSE,FALSE,S,CIVIL,S,,N,N,N,N,N,31/12/2099 00:00,01/01/1950 00:00,31/12/2099 00:00,18/10/2021 00:00,,N,"Aposentadoria voluntária de servidor com deficiência, com proventos integrais (cálculo por integralidade) e com paridade, com base no artigo 40, § 4º-A, da Constituição Federal, com redação dada pela Emenda Constitucional nº 103/2019, artigos 25, 27, I; 35, da Lei Complementar nº 1.100/2021 e artigo 40, § 1°, inciso III, segunda parte, da Constituição Federal, com a redação dada pela Emenda Constitucional nº 103/2019",N,FEMININO,S,Valor Médio,,ativa,,importada,,,[]
"Voluntária do Servidor Com Deficiência - Art. 35, inciso III da Lei Complementar 1.100/2021 (LEVE)",APOSENTADORIA VOLUNTÁRIA POR TEMPO DE CONTRIBUIÇÃO,TRUE,3º,FALSE,FALSE,S,CIVIL,S,,N,N,N,N,N,31/12/2099 00:00,01/01/1950 00:00,31/12/2099 00:00,18/10/2021 00:00,,N,"Aposentadoria voluntária de servidor com deficiência, com proventos integrais (cálculo por integralidade) e com paridade, com base no artigo 40, § 4º-A, da Constituição Federal, com redação dada pela Emenda Constitucional nº 103/2019, artigos 25, 27, I; 35, da Lei Complementar nº 1.100/2021 e artigo 40, § 1°, inciso III, segunda parte, da Constituição Federal, com a redação dada pela Emenda Constitucional nº 103/2019",N,MASCULINO,S,Valor Médio,,ativa,,importada,,,[]
Voluntária do Servidor Exposto a Agentes Nocivos à Saúde - Artigo 41 da Lei Complementar n. 1.100/2021,APOSENTADORIA VOLUNTÁRIA POR TEMPO DE CONTRIBUIÇÃO,TRUE,3º,FALSE,FALSE,S,CIVIL,S,,S,N,N,N,N,31/12/2099 00:00,01/01/1950 00:00,31/12/2099 00:00,31/12/2003 00:00,,N,"Aposentadoria voluntária de servidor exposto a agentes nocivos à saúde, com proventos integrais (cálculo por integralidade) e com paridade, com base nos artigos 25, 27, inciso I, e 41, inciso III, da Lei Complementar Estadual 1.100/2021 e artigo 40, § 1º, inciso III, segunda parte, e § 4°-C, da Constituição Federal, com redação dada pela Emenda Constitucional nº 103/2019 - regra permanente",N,AMBOS,S,Valor Médio,,ativa,,importada,,,[]
Voluntária do Servidor Exposto a Agentes Nocivos à Saúde - Artigo 41 da Lei Complementar n. 1.100/2021,APOSENTADORIA VOLUNTÁRIA POR TEMPO DE CONTRIBUIÇÃO,TRUE,3º,FALSE,FALSE,S,CIVIL,S,,S,N,N,N,N,31/12/2099 00:00,01/01/1950 00:00,31/12/2099 00:00,31/12/2003 00:00,,N,"Aposentadoria voluntária de servidor exposto a agentes nocivos à saúde, com proventos integrais (cálculo por integralidade) e com paridade, com base nos artigos 25, 27, inciso I, e 41, inciso III, da Lei Complementar Estadual 1.100/2021 e artigo 40, § 1º, inciso III, segunda parte, e § 4°-C, da Constituição Federal, com redação dada pela Emenda Constitucional nº 103/2019 - regra permanente",N,AMBOS,S,Valor Médio,,ativa,,importada,,,[]
Voluntária do Servidor Exposto a Agentes Nocivos à Saúde - Artigo 41 da Lei Complementar n. 1.100/2021,APOSENTADORIA VOLUNTÁRIA POR TEMPO DE CONTRIBUIÇÃO,TRUE,3º,FALSE,FALSE,S,CIVIL,S,,S,N,N,N,N,31/12/2099 00:00,01/01/1950 00:00,31/12/2099 00:00,31/12/2003 00:00,,N,"Aposentadoria voluntária de servidor exposto a agentes nocivos à saúde, com proventos integrais (cálculo por integralidade) e com paridade, com base nos artigos 25, 27, inciso I, e 41, inciso III, da Lei Complementar Estadual 1.100/2021 e artigo 40, § 1º, inciso III, segunda parte, e § 4°-C, da Constituição Federal, com redação dada pela Emenda Constitucional nº 103/2019 - regra permanente",N,AMBOS,S,Valor Efetivo,,ativa,,importada,,,[]
Voluntária do Servidor Exposto a Agentes Nocivos à Saúde da EC 146/2021,APOSENTADORIA VOLUNTÁRIA POR TEMPO DE CONTRIBUIÇÃO,TRUE,3º,FALSE,FALSE,S,CIVIL,S,,N,S,N,N,N,14/09/2021 00:00,01/01/1950 00:00,31/12/2099 00:00,14/09/2021 00:00,,N,"Aposentadoria voluntária de servidor exposto a agentes nocivos à saúde, com proventos integrais (cálculo por média) e sem paridade, com base no artigo 8, §§ 1° e 2° da EC nº 146/2021, e artigo 40, § 4°-C, da Constituição Federal, com a redação dada pela Emenda Constitucional nº 103/2019 - REGRA TRANSITÓRIA - EMENDA ESTADUAL",N,AMBOS,S,Valor Médio,,ativa,,importada,,,[]
Voluntária do Servidor Exposto a Agentes Nocivos à Saúde da EC 146/2021,APOSENTADORIA VOLUNTÁRIA POR TEMPO DE CONTRIBUIÇÃO,TRUE,3º,FALSE,FALSE,S,CIVIL,S,,N,S,N,N,N,14/09/2021 00:00,01/01/1950 00:00,31/12/2099 00:00,14/09/2021 00:00,,N,"Aposentadoria voluntária de servidor exposto a agentes nocivos à saúde, com proventos integrais (cálculo por média) e sem paridade, com base no artigo 8, §§ 1° e 2° da EC nº 146/2021, e artigo 40, § 4°-C, da Constituição Federal, com a redação dada pela Emenda Constitucional nº 103/2019 - REGRA TRANSITÓRIA - EMENDA ESTADUAL",N,AMBOS,S,Valor Médio,,ativa,,importada,,,[]
Voluntária do Servidor Exposto a Agentes Nocivos à Saúde da EC 146/2021,APOSENTADORIA VOLUNTÁRIA POR TEMPO DE CONTRIBUIÇÃO,TRUE,3º,FALSE,FALSE,S,CIVIL,S,,N,S,N,N,N,14/09/2021 00:00,01/01/1950 00:00,31/12/2099 00:00,14/09/2021 00:00,,N,"Aposentadoria voluntária de servidor exposto a agentes nocivos à saúde, com proventos integrais (cálculo por média) e sem paridade, com base no artigo 8, §§ 1° e 2° da EC nº 146/2021, e artigo 40, § 4°-C, da Constituição Federal, com a redação dada pela Emenda Constitucional nº 103/2019 - REGRA TRANSITÓRIA - EMENDA ESTADUAL",N,AMBOS,S,Valor Médio,,ativa,,importada,,,[]
Voluntária do Servidor Exposto a Agentes Nocivos à Saúde - Artigo 41 da Lei Complementar n. 1.100/2021,APOSENTADORIA VOLUNTÁRIA POR TEMPO DE CONTRIBUIÇÃO,TRUE,3º,FALSE,FALSE,S,CIVIL,S,,N,N,N,N,N,31/12/2003 00:00,01/01/1950 00:00,31/12/2099 00:00,18/10/2021 00:00,,N,"Aposentadoria voluntária de servidor exposto a agentes nocivos à saúde, com proventos integrais (cálculo por média) e sem paridade, com base nos artigos 24, 27, inciso II, e 41, inciso III, da Lei Complementar Estadual 1.100/2021 e artigo 40, § 1º, inciso III, segunda parte, e § 4°-C, da Constituição Federal, com redação dada pela Emenda Constitucional nº 103/2019 - regra permanente",N,AMBOS,S,Valor Médio,,ativa,,importada,,,[]
"Voluntária do Policial Civil - Art. 7º, §§2º e § 3º da EC nº 146/2021",APOSENTADORIA VOLUNTÁRIA POR TEMPO DE CONTRIBUIÇÃO,TRUE,3º,FALSE,FALSE,S,CIVIL,S,,S,N,N,N,N,13/11/2019 00:00,01/01/1950 00:00,31/12/2099 00:00,14/09/2021 00:00,,N,"Aposentadoria especial de policial, com proventos integrais (cálculo por integralidade) e com paridade, com base no artigo 7º, §§ 2º e 3º da Emenda Constitucional Estadual nº 146/2021, artigo 1º, inciso II, alínea ""a"", da Lei Complementar nº 51/1985 e artigo 40, §1°, inciso III, segunda parte, da Constituição Federal, com a redação dada pela Emenda Constitucional nº 103/2019 - regra transitória homem - idade + tempo + pedágio | Aposentadoria especial de policial, com proventos integrais (cálculo por integralidade) e com paridade, com base no artigo 7º, §§ 2º e 3º da Emenda Constitucional Estadual nº 146/2021, artigo 1º, inciso II, alínea ""b"", da Lei Complementar nº 51/1985 e artigo 40, §1°, inciso III, segunda parte, da Constituição Federal, com a redação dada pela Emenda Constitucional nº 103/2019 - regra transitória mulher - idade + tempo + pedágio",N,MASCULINO,S,Remuneração de Contribuição,"Artigo 7º, §§ 2º e 3º, da Emenda Constitucional Estadual nº 146/2021.",ativa,,importada,,,[]
"Voluntária do Policial Civil - Art. 7º, §§2º e § 3º da EC nº 146/2021",APOSENTADORIA VOLUNTÁRIA POR TEMPO DE CONTRIBUIÇÃO,TRUE,3º,FALSE,FALSE,S,CIVIL,S,,S,N,N,N,N,13/11/2019 00:00,01/01/1950 00:00,31/12/2099 00:00,14/09/2021 00:00,,N,"Aposentadoria especial de policial, com proventos integrais (cálculo por integralidade) e com paridade, com base no artigo 7º, §§ 2º e 3º da Emenda Constitucional Estadual nº 146/2021, artigo 1º, inciso II, alínea ""a"", da Lei Complementar nº 51/1985 e artigo 40, §1°, inciso III, segunda parte, da Constituição Federal, com a redação dada pela Emenda Constitucional nº 103/2019 - regra transitória homem - idade + tempo + pedágio | Aposentadoria especial de policial, com proventos integrais (cálculo por integralidade) e com paridade, com base no artigo 7º, §§ 2º e 3º da Emenda Constitucional Estadual nº 146/2021, artigo 1º, inciso II, alínea ""b"", da Lei Complementar nº 51/1985 e artigo 40, §1°, inciso III, segunda parte, da Constituição Federal, com a redação dada pela Emenda Constitucional nº 103/2019 - regra transitória mulher - idade + tempo + pedágio",N,FEMININO,S,Remuneração de Contribuição,"Artigo 7º, §§ 2º e 3º, da Emenda Constitucional Estadual nº 146/2021",ativa,,importada,,,[]
"Voluntária do Policial Civil - Art. 7º, §§2º e § 3º da EC nº 146/2021",APOSENTADORIA VOLUNTÁRIA POR TEMPO DE CONTRIBUIÇÃO,TRUE,3º,FALSE,FALSE,S,CIVIL,S,,S,N,N,N,N,13/11/2019 00:00,01/01/1950 00:00,31/12/2099 00:00,14/09/2021 00:00,,N,"Aposentadoria especial de policial, com proventos integrais (cálculo por integralidade) e com paridade, com base no artigo 7º, §§ 2º e 3º da Emenda Constitucional Estadual nº 146/2021, artigo 1º, inciso II, alínea ""a"", da Lei Complementar nº 51/1985 e artigo 40, §1°, inciso III, segunda parte, da Constituição Federal, com a redação dada pela Emenda Constitucional nº 103/2019 - regra transitória homem - idade + tempo + pedágio | Aposentadoria especial de policial, com proventos integrais (cálculo por integralidade) e com paridade, com base no artigo 7º, §§ 2º e 3º da Emenda Constitucional Estadual nº 146/2021, artigo 1º, inciso II, alínea ""b"", da Lei Complementar nº 51/1985 e artigo 40, §1°, inciso III, segunda parte, da Constituição Federal, com a redação dada pela Emenda Constitucional nº 103/2019 - regra transitória mulher - idade + tempo + pedágio",N,MASCULINO,S,Remuneração de Contribuição,,ativa,,importada,,,[]
"Voluntária do Policial Civil - Art. 7º, §§2º e § 3º da EC nº 146/2021",APOSENTADORIA VOLUNTÁRIA POR TEMPO DE CONTRIBUIÇÃO,TRUE,3º,FALSE,FALSE,S,CIVIL,S,,S,N,N,N,N,13/11/2019 00:00,01/01/1950 00:00,31/12/2099 00:00,14/09/2021 00:00,,N,"Aposentadoria especial de policial, com proventos integrais (cálculo por integralidade) e com paridade, com base no artigo 7º, §§ 2º e 3º da Emenda Constitucional Estadual nº 146/2021, artigo 1º, inciso II, alínea ""a"", da Lei Complementar nº 51/1985 e artigo 40, §1°, inciso III, segunda parte, da Constituição Federal, com a redação dada pela Emenda Constitucional nº 103/2019 - regra transitória homem - idade + tempo + pedágio | Aposentadoria especial de policial, com proventos integrais (cálculo por integralidade) e com paridade, com base no artigo 7º, §§ 2º e 3º da Emenda Constitucional Estadual nº 146/2021, artigo 1º, inciso II, alínea ""b"", da Lei Complementar nº 51/1985 e artigo 40, §1°, inciso III, segunda parte, da Constituição Federal, com a redação dada pela Emenda Constitucional nº 103/2019 - regra transitória mulher - idade + tempo + pedágio",N,MASCULINO,S,Remuneração de Contribuição,,ativa,,importada,,,[]
"Voluntária do Policial Civil - Art. 7º, §§2º e § 3º da EC nº 146/2021",APOSENTADORIA VOLUNTÁRIA POR TEMPO DE CONTRIBUIÇÃO,TRUE,3º,FALSE,FALSE,S,CIVIL,S,,S,N,N,N,N,13/11/2019 00:00,01/01/1950 00:00,31/12/2099 00:00,14/09/2021 00:00,,N,"Aposentadoria especial de policial, com proventos integrais (cálculo por integralidade) e com paridade, com base no artigo 7º, §§ 2º e 3º da Emenda Constitucional Estadual nº 146/2021, artigo 1º, inciso II, alínea ""a"", da Lei Complementar nº 51/1985 e artigo 40, §1°, inciso III, segunda parte, da Constituição Federal, com a redação dada pela Emenda Constitucional nº 103/2019 - regra transitória homem - idade + tempo + pedágio | Aposentadoria especial de policial, com proventos integrais (cálculo por integralidade) e com paridade, com base no artigo 7º, §§ 2º e 3º da Emenda Constitucional Estadual nº 146/2021, artigo 1º, inciso II, alínea ""b"", da Lei Complementar nº 51/1985 e artigo 40, §1°, inciso III, segunda parte, da Constituição Federal, com a redação dada pela Emenda Constitucional nº 103/2019 - regra transitória mulher - idade + tempo + pedágio",N,MASCULINO,S,Remuneração de Contribuição,,ativa,,importada,,,[]
"Voluntária do Policial Civil - Art. 7º, §§2º e § 3º da EC nº 146/2021",APOSENTADORIA VOLUNTÁRIA POR TEMPO DE CONTRIBUIÇÃO,TRUE,3º,FALSE,FALSE,S,CIVIL,S,,S,N,N,N,N,13/11/2019 00:00,01/01/1950 00:00,31/12/2099 00:00,14/09/2021 00:00,,N,"Aposentadoria especial de policial, com proventos integrais (cálculo por integralidade) e com paridade, com base no artigo 7º, §§ 2º e 3º da Emenda Constitucional Estadual nº 146/2021, artigo 1º, inciso II, alínea ""a"", da Lei Complementar nº 51/1985 e artigo 40, §1°, inciso III, segunda parte, da Constituição Federal, com a redação dada pela Emenda Constitucional nº 103/2019 - regra transitória homem - idade + tempo + pedágio | Aposentadoria especial de policial, com proventos integrais (cálculo por integralidade) e com paridade, com base no artigo 7º, §§ 2º e 3º da Emenda Constitucional Estadual nº 146/2021, artigo 1º, inciso II, alínea ""b"", da Lei Complementar nº 51/1985 e artigo 40, §1°, inciso III, segunda parte, da Constituição Federal, com a redação dada pela Emenda Constitucional nº 103/2019 - regra transitória mulher - idade + tempo + pedágio",N,MASCULINO,S,Remuneração de Contribuição,,ativa,,importada,,,[]
"Voluntária do Policial Civil - Art. 7º, § 3º da EC nº 146/2021",APOSENTADORIA VOLUNTÁRIA POR TEMPO DE CONTRIBUIÇÃO,TRUE,3º,FALSE,FALSE,S,CIVIL,S,,S,N,N,N,N,13/11/2019 00:00,01/01/1950 00:00,31/12/2099 00:00,14/09/2021 00:00,,N,"Aposentadoria especial de policial, com proventos integrais (cálculo por integralidade) e com paridade, com base no artigo 7º, § 3º da Emenda Constitucional Estadual nº 146/2021, artigo 1º, inciso II, alínea ""b"", da Lei Complementar nº 51/1985 e artigo 40, §1°, inciso III, segunda parte, da Constituição Federal, com a redação dada pela Emenda Constitucional nº 103/2019 - regra transitória - idade + tempo de contribuição + mulher.",N,MASCULINO,S,Remuneração de Contribuição,"Artigo 7º, §§1º e 3º da Emenda Constitucional Estadual nº 146/2021",ativa,,importada,,,[]
"Voluntária do Policial Civil - Art. 7º, § 3º da EC nº 146/2021",APOSENTADORIA VOLUNTÁRIA POR TEMPO DE CONTRIBUIÇÃO,TRUE,3º,FALSE,FALSE,S,CIVIL,S,,S,N,N,N,N,13/11/2019 00:00,01/01/1950 00:00,31/12/2099 00:00,14/09/2021 00:00,,N,"Aposentadoria especial de policial, com proventos integrais (cálculo por integralidade) e com paridade, com base no artigo 7º, § 3º da Emenda Constitucional Estadual nº 146/2021, artigo 1º, inciso II, alínea ""b"", da Lei Complementar nº 51/1985 e artigo 40, §1°, inciso III, segunda parte, da Constituição Federal, com a redação dada pela Emenda Constitucional nº 103/2019 - regra transitória - idade + tempo de contribuição + mulher.",N,FEMININO,S,Remuneração de Contribuição,"Artigo 7º, §§1º e 3º da Emenda Constitucional Estadual nº 146/2021",ativa,,importada,,,[]
"Voluntária do Policial Civil - Art. 40, §4-B da CF, c/c Art. 34 da LC 1.100/2021 - Admissão após 31/12/2003",APOSENTADORIA VOLUNTÁRIA POR TEMPO DE CONTRIBUIÇÃO,TRUE,3º,FALSE,FALSE,S,CIVIL,S,,N,N,N,N,N,31/12/2099 00:00,31/12/2003 00:00,31/12/2099 00:00,18/10/2021 00:00,,N,"Aposentadoria especial de policial, com proventos integrais (cálculo por média) e sem paridade, com base no artigo 40, §1°, inciso III, segunda parte, e § 4°-B da Constituição Federal, com a redação dada pela Emenda Constitucional nº 103/2019, artigos 24, 27, inciso II, e 34 da Lei Complementar nº 1.100/2021 - regra permanente.",N,MASCULINO,S,Valor Médio,,ativa,,importada,,,[]
"Voluntária do Policial Civil - Art. 40, §4-B da CF, c/c Art. 34 da LC 1.100/2021 - Admissão após 31/12/2003",APOSENTADORIA VOLUNTÁRIA POR TEMPO DE CONTRIBUIÇÃO,TRUE,3º,FALSE,FALSE,S,CIVIL,S,,N,N,N,N,N,31/12/2099 00:00,31/12/2003 00:00,31/12/2099 00:00,18/10/2021 00:00,,N,"Aposentadoria especial de policial, com proventos integrais (cálculo por média) e sem paridade, com base no artigo 40, §1°, inciso III, segunda parte, e § 4°-B da Constituição Federal, com a redação dada pela Emenda Constitucional nº 103/2019, artigos 24, 27, inciso II, e 34 da Lei Complementar nº 1.100/2021 - regra permanente.",N,FEMININO,S,Valor Médio,,ativa,,importada,,,[]
"Voluntária Policial Civil - Art. 40, §4-B da CF, c/c Art. 34 da LC 1.100/21 - Admissão até 31/12/2003",APOSENTADORIA VOLUNTÁRIA POR TEMPO DE CONTRIBUIÇÃO,TRUE,3º,FALSE,FALSE,S,CIVIL,S,,S,N,N,N,N,31/12/2003 00:00,01/01/1950 00:00,31/12/2099 00:00,18/10/2021 00:00,,N,"Aposentadoria especial de policial, com proventos integrais (cálculo por integralidade) e com paridade, com base no artigo 40, §1°, inciso III, segunda parte, e § 4°-B da Constituição Federal, com a redação dada pela Emenda Constitucional nº 103/2019, artigos 25, 27, inciso I, e 34 da Lei Complementar nº 1.100/2021 - regra permanente.",N,MASCULINO,S,Remuneração de Contribuição,,ativa,,importada,,,[]
"Voluntária Policial Civil - Art. 40, §4-B da CF, c/c Art. 34 da LC 1.100/21 - Admissão até 31/12/2003",APOSENTADORIA VOLUNTÁRIA POR TEMPO DE CONTRIBUIÇÃO,TRUE,3º,FALSE,FALSE,S,CIVIL,S,,S,N,N,N,N,31/12/2003 00:00,01/01/1950 00:00,31/12/2099 00:00,18/10/2021 00:00,,N,"Aposentadoria especial de policial, com proventos integrais (cálculo por integralidade) e com paridade, com base no artigo 40, §1°, inciso III, segunda parte, e § 4°-B da Constituição Federal, com a redação dada pela Emenda Constitucional nº 103/2019, artigos 25, 27, inciso I, e 34 da Lei Complementar nº 1.100/2021 - regra permanente.",N,FEMININO,S,Remuneração de Contribuição,,ativa,,importada,,,[]
Aposentadoria por Mandado de Injunção,APOSENTADORIA VOLUNTÁRIA POR TEMPO DE CONTRIBUIÇÃO,TRUE,3º,FALSE,FALSE,N,CIVIL,S,,N,N,N,N,N,31/12/2099 00:00,01/01/1950 00:00,31/12/2099 00:00,01/01/1950 00:00,"Artigo 40, § 1°, inciso III, segunda parte, da Constituição Federal, com redação dada pela Emenda Constitucional nº 103/2019, artigo 7º, § 2º e § 3º, da Emenda à Constituição Estadual nº 146/2021 e artigo 1º, inciso II, alínea ""b"", da Lei Complementar nº 51/1985.",N,"Artigo 40, § 1°, inciso III, segunda parte, da Constituição Federal, com redação dada pela Emenda Constitucional nº 103/2019, artigo 7º, § 2º e § 3º, da Emenda à Constituição Estadual nº 146/2021 e artigo 1º, inciso II, alínea ""b"", da Lei Complementar nº 51/1985.",N,AMBOS,S,Valor Médio,,ativa,,importada,,,[]
Voluntária por Idade e Temp. de Contrib.- Art. 3º da EC 47/05 - FÓRMULA 85/95 e art. 4º da EC nº 146/21,APOSENTADORIA VOLUNTÁRIA POR TEMPO DE CONTRIBUIÇÃO,TRUE,3º,FALSE,FALSE,N,CIVIL,N,,S,N,N,N,N,16/12/1998 00:00,01/01/1950 00:00,31/12/2099 00:00,01/01/1950 00:00,,N,"Artigo 3º da Emenda Constitucional nº 47/2005, artigo 4º da Emenda à Constituição Estadual nº 146/2021 e artigo 40, § 1°, inciso III, segunda parte, da Constituição Federal, com a redação dada pela Emenda Constitucional nº 103/2019",N,FEMININO,S,Remuneração de Contribuição,,ativa,,importada,,,[]
Voluntária por Idade e Temp. de Contrib.- Art. 3º da EC 47/05 - FÓRMULA 85/95 e art. 4º da EC nº 146/21,APOSENTADORIA VOLUNTÁRIA POR TEMPO DE CONTRIBUIÇÃO,TRUE,3º,FALSE,FALSE,N,CIVIL,N,,S,N,N,N,N,16/12/1998 00:00,01/01/1950 00:00,31/12/2099 00:00,01/01/1950 00:00,,N,"Artigo 3º da Emenda Constitucional nº 47/2005, artigo 4º da Emenda à Constituição Estadual nº 146/2021 e artigo 40, § 1°, inciso III, segunda parte, da Constituição Federal, com a redação dada pela Emenda Constitucional nº 103/2019",N,MASCULINO,S,Remuneração de Contribuição,,ativa,,importada,,,[]
Apos. Voluntária Tempo de Serviço - Anterior a E.C. 20/1998,APOSENTADORIA VOLUNTÁRIA POR TEMPO DE CONTRIBUIÇÃO,TRUE,4º,FALSE,FALSE,N,CIVIL,N,,S,N,N,N,N,16/12/1998 00:00,01/01/1900 00:00,01/12/2002 00:00,01/01/1900 00:00,"Art. 40, inciso III, alínea ""c"" da Constituição Federal de 1988 em seu texto original",N,"Art. 40, inciso III, alínea ""a"" da Constituição Federal de 1988 em seu texto original",N,,,Não identificado,,ativa,,importada,,,[]
Apos. Voluntária Tempo de Serviço - Anterior a E.C. 20/1998 - (Magistério),APOSENTADORIA VOLUNTÁRIA POR TEMPO DE CONTRIBUIÇÃO,TRUE,4º,FALSE,FALSE,N,CIVIL,S,,S,N,N,N,N,16/12/1998 00:00,01/01/1910 00:00,16/12/1998 00:00,01/01/1910 00:00,,N,"Art. 40, inciso III, alínea ""b"" da Constituição Federal de 1988 em seu texto original",N,,,Não identificado,,ativa,,importada,,,[]
Apos. Voluntária Tempo de Contribuição - Permanente da E.C. 20/1998,APOSENTADORIA VOLUNTÁRIA POR TEMPO DE CONTRIBUIÇÃO,TRUE,4º,FALSE,FALSE,N,CIVIL,N,,S,N,N,N,N,31/12/2003 00:00,01/01/1910 00:00,31/12/2003 00:00,16/12/1998 00:00,"Art 40, §1º, III, alinea ""a"" da CF com redação da EC 20/98",N,"Art 40, §1º, III, alinea ""a"" da CF com redação da EC 20/98",N,,,Não identificado,,ativa,,importada,,,[]
Apos. Voluntária Tempo Contribuição - Permanente da E.C. 20/1998 - (Magistério),APOSENTADORIA VOLUNTÁRIA POR TEMPO DE CONTRIBUIÇÃO,TRUE,4º,FALSE,FALSE,N,CIVIL,S,,S,N,N,N,N,31/12/2003 00:00,01/01/1910 00:00,31/12/2003 00:00,16/12/1998 00:00,,N,"Art 40, §1º, III, alinea ""a"", §5º da CF com redação da EC 20/98",N,,,Não identificado,,ativa,,importada,,,[]
Apos. Voluntária Tempo de Contribuição - Transição da E.C. 20/1998,APOSENTADORIA VOLUNTÁRIA POR TEMPO DE CONTRIBUIÇÃO,TRUE,4º,FALSE,FALSE,S,CIVIL,N,,S,N,N,N,N,16/12/1998 00:00,01/01/1910 00:00,31/12/2003 00:00,16/12/1998 00:00,,N,"Aposentadoria voluntária por idade e tempo de contribuição, com proventos integrais (cálculo por integralidade) e com paridade, com base no artigo 40, § 1°, inciso III, segunda parte, da Constituição Federal, com a redação dada pela Emenda Constitucional nº 103/2019, artigo 4º da Emenda à Constituição Estadual nº 146/2021 e artigo 8º da Emenda Constitucional nº 20/1998 - fundamento - regra de transição - EC 20/98 da CF",N,,,Não identificado,,ativa,,importada,,,[]
Apos. Voluntária Tempo Contribuição - Transição da E.C. 20/1998 - (Magistério),APOSENTADORIA VOLUNTÁRIA POR TEMPO DE CONTRIBUIÇÃO,TRUE,4º,FALSE,FALSE,N,CIVIL,S,,S,N,N,N,N,16/12/1998 00:00,01/01/1910 00:00,31/12/2003 00:00,16/12/1998 00:00,,N,"Aposentadoria voluntária por idade e tempo de contribuição, com proventos integrais (cálculo por integralidade) e com paridade, com base no artigo 40, § 1°, inciso III, segunda parte, da Constituição Federal, com a redação dada pela Emenda Constitucional nº 103/2019, artigo 4º da Emenda à Constituição Estadual nº 146/2021 e artigo 8º da Emenda Constitucional nº 20/1998 - fundamento - regra de transição - EC 20/98 da CF",N,,,Não identificado,,ativa,,importada,,,[]
"Voluntária por Tempo de Contribuição - Art. 40, §1º, III, ""a"" da CF c/c art. 4º da EC 146/21",APOSENTADORIA VOLUNTÁRIA POR TEMPO DE CONTRIBUIÇÃO,TRUE,4º,FALSE,FALSE,S,CIVIL,N,,N,N,N,N,N,31/12/2024 00:00,01/01/1950 00:00,31/12/2024 00:00,31/12/2003 00:00,,N,"Artigo 40, §1º, inciso III, alínea ""a"", da Constituição Federal, com redação dada pela Emenda Constitucional nº 20/1998 e artigo 40, §§ 3º e 8º com redação dada pela Emenda Constitucional nº 41/2003, art. 4° da Emenda à Constituição Estadual - CF",N,MASCULINO,S,Valor Médio,,ativa,,importada,,,[]
"Voluntária por Tempo de Contribuição - Art. 40, §1º, III, ""a"" da CF c/c art. 4º da EC 146/21",APOSENTADORIA VOLUNTÁRIA POR TEMPO DE CONTRIBUIÇÃO,TRUE,4º,FALSE,FALSE,S,CIVIL,N,,N,N,N,N,N,31/12/2024 00:00,01/01/1950 00:00,31/12/2024 00:00,31/12/2003 00:00,,N,"Artigo 40, §1º, inciso III, alínea ""a"", da Constituição Federal, com redação dada pela Emenda Constitucional nº 20/1998 e artigo 40, §§ 3º e 8º com redação dada pela Emenda Constitucional nº 41/2003, art. 4° da Emenda à Constituição Estadual - CF",N,FEMININO,S,Valor Médio,,ativa,,importada,,,[]
"Voluntária por Tempo de Contribuição - Art. 40, §1º, III, ""a"" da CF c/c art. 4º da EC 146/21 (Magistério)",APOSENTADORIA VOLUNTÁRIA POR TEMPO DE CONTRIBUIÇÃO,TRUE,4º,FALSE,FALSE,S,CIVIL,S,,N,N,N,N,N,31/12/2024 00:00,01/01/1950 00:00,31/12/2024 00:00,31/12/2003 00:00,,N,"Artigo 40, § 5°, da Constituição Federal, com redação dada pela Emenda Constitucional nº 103/2019, artigos 25, 27, I; 33, da Lei Complementar nº 1.100/2021 e artigo 40, § 1°, inciso III, segunda parte, da Constituição Federal, com a redação dada pela Emenda Constitucional nº 103/2019 - regra permanente da aposentadoria especial de professor.",N,MASCULINO,S,Valor Médio,,ativa,,importada,,,[]
"Voluntária por Tempo de Contribuição - Art. 40, §1º, III, ""a"" da CF c/c art. 4º da EC 146/21 (Magistério)",APOSENTADORIA VOLUNTÁRIA POR TEMPO DE CONTRIBUIÇÃO,TRUE,4º,FALSE,FALSE,S,CIVIL,S,,N,N,N,N,N,31/12/2024 00:00,01/01/1950 00:00,31/12/2024 00:00,31/12/2003 00:00,,N,"Artigo 40, § 5°, da Constituição Federal, com redação dada pela Emenda Constitucional nº 103/2019, artigos 25, 27, I; 33, da Lei Complementar nº 1.100/2021 e artigo 40, § 1°, inciso III, segunda parte, da Constituição Federal, com a redação dada pela Emenda Constitucional nº 103/2019 - regra permanente da aposentadoria especial de professor.",N,FEMININO,S,Valor Médio,,ativa,,importada,,,[]
Voluntária por Tempo de Contribuição - Art. 2º da EC nº 41/03 e o art. 4º da EC nº 146/2021,APOSENTADORIA VOLUNTÁRIA POR TEMPO DE CONTRIBUIÇÃO,TRUE,4º,FALSE,FALSE,S,CIVIL,N,,N,N,N,N,N,16/12/1998 00:00,01/01/1950 00:00,31/12/2024 00:00,31/12/2003 00:00,,N,"Aposentadoria voluntária por idade e tempo de contribuição, com proventos integrais (Média aritmética das contribuições), com Aplicação do redutor de idade (se houver antecipação) e sem paridade, com base no artigo 40, § 1°, inciso III, segunda parte, da Constituição Federal, com a redação dada pela Emenda Constitucional nº 103/2019, artigo 4º da Emenda à Constituição Estadual nº 146/2021 e artigo 2º da Emenda Constitucional nº 41/2003 - fundamento - regra de transição - EC 41/03 - CF",N,MASCULINO,S,Valor Médio com Redutor da Idade,,ativa,,importada,,,[]
Voluntária por Tempo de Contribuição - Art. 2º da EC nº 41/03 e o art. 4º da EC nº 146/2021,APOSENTADORIA VOLUNTÁRIA POR TEMPO DE CONTRIBUIÇÃO,TRUE,4º,FALSE,FALSE,S,CIVIL,N,,N,N,N,N,N,16/12/1998 00:00,01/01/1950 00:00,31/12/2024 00:00,31/12/2003 00:00,,N,"Aposentadoria voluntária por idade e tempo de contribuição, com proventos integrais (Média aritmética das contribuições), com Aplicação do redutor de idade (se houver antecipação) e sem paridade, com base no artigo 40, § 1°, inciso III, segunda parte, da Constituição Federal, com a redação dada pela Emenda Constitucional nº 103/2019, artigo 4º da Emenda à Constituição Estadual nº 146/2021 e artigo 2º da Emenda Constitucional nº 41/2003 - fundamento - regra de transição - EC 41/03 - CF",N,FEMININO,S,Valor Médio com Redutor da Idade,,ativa,,importada,,,[]
Voluntária por Tempo de Contribuição - Art. 2º da EC nº 41/2003 e o art. 4º da EC nº 146/21 (Magistério),APOSENTADORIA VOLUNTÁRIA POR TEMPO DE CONTRIBUIÇÃO,TRUE,4º,FALSE,FALSE,S,CIVIL,S,,N,N,N,N,N,16/12/1998 00:00,01/01/1950 00:00,31/12/2024 00:00,31/12/2003 00:00,,N,"Aposentadoria voluntária por idade e tempo de contribuição, com proventos integrais (Média aritmética das contribuições), com Aplicação do redutor de idade (se houver antecipação) e sem paridade, com base no artigo 40, § 1°, inciso III, segunda parte, da Constituição Federal, com a redação dada pela Emenda Constitucional nº 103/2019, artigo 4º da Emenda à Constituição Estadual nº 146/2021 e artigo 2º da Emenda Constitucional nº 41/2003 - fundamento - regra de transição - EC 41/03 - CF",N,MASCULINO,S,Valor Médio com Redutor da Idade,,ativa,,importada,,,[]
Voluntária por Tempo de Contribuição - Art. 2º da EC nº 41/2003 e o art. 4º da EC nº 146/21 (Magistério),APOSENTADORIA VOLUNTÁRIA POR TEMPO DE CONTRIBUIÇÃO,TRUE,4º,FALSE,FALSE,S,CIVIL,S,,N,N,N,N,N,16/12/1998 00:00,01/01/1950 00:00,31/12/2024 00:00,31/12/2003 00:00,,N,"Aposentadoria voluntária por idade e tempo de contribuição, com proventos integrais (Média aritmética das contribuições), com Aplicação do redutor de idade (se houver antecipação) e sem paridade, com base no artigo 40, § 1°, inciso III, segunda parte, da Constituição Federal, com a redação dada pela Emenda Constitucional nº 103/2019, artigo 4º da Emenda à Constituição Estadual nº 146/2021 e artigo 2º da Emenda Constitucional nº 41/2003 - fundamento - regra de transição - EC 41/03 - CF",N,FEMININO,S,Valor Médio com Redutor da Idade,,ativa,,importada,,,[]
Voluntária por Tempo de Contribuição - Art. 6º da EC 41/03 c/c art. 4º da EC nº 146/21,APOSENTADORIA VOLUNTÁRIA POR TEMPO DE CONTRIBUIÇÃO,TRUE,4º,FALSE,FALSE,S,CIVIL,N,,S,N,N,N,N,31/12/2003 00:00,01/01/1910 00:00,31/12/2024 00:00,31/12/2003 00:00,,N,"Aposentadoria voluntária por idade e tempo de contribuição, com proventos integrais (cálculo por integralidade) e com paridade, com base no artigo 40, § 1°, inciso III, segunda parte, da Constituição Federal, com a redação dada pela Emenda Constitucional nº 103/2019, artigo 4º da Emenda à Constituição Estadual nº 146/2021 e artigo 6º da Emenda Constitucional nº 41/2003 - fundamento - regra de transição - EC 41/03 - CF",N,MASCULINO,S,Remuneração de Contribuição,,ativa,,importada,,,[]
Voluntária por Tempo de Contribuição - Art. 6º da EC 41/03 c/c art. 4º da EC nº 146/21,APOSENTADORIA VOLUNTÁRIA POR TEMPO DE CONTRIBUIÇÃO,TRUE,4º,FALSE,FALSE,S,CIVIL,N,,S,N,N,N,N,31/12/2003 00:00,01/01/1910 00:00,31/12/2024 00:00,31/12/2003 00:00,,N,"Aposentadoria voluntária por idade e tempo de contribuição, com proventos integrais (cálculo por integralidade) e com paridade, com base no artigo 40, § 1°, inciso III, segunda parte, da Constituição Federal, com a redação dada pela Emenda Constitucional nº 103/2019, artigo 4º da Emenda à Constituição Estadual nº 146/2021 e artigo 6º da Emenda Constitucional nº 41/2003 - fundamento - regra de transição - EC 41/03 - CF",N,FEMININO,S,Remuneração de Contribuição,,ativa,,importada,,,[]
Voluntária por Tempo de Contribuição - Art. 6º da EC 41/03 c/c art. 4º da EC nº 146/21 (Magistério),APOSENTADORIA VOLUNTÁRIA POR TEMPO DE CONTRIBUIÇÃO,TRUE,4º,FALSE,FALSE,S,CIVIL,S,,S,N,N,N,N,31/12/2003 00:00,01/01/1950 00:00,31/12/2024 00:00,31/12/2003 00:00,,N,"Aposentadoria especial de professor, com proventos integrais (cálculo por integralidade) e com paridade, com base no artigo 6º da Emenda Constitucional nº 41/2003, artigos 24, 46 e 63 da Lei Complementar nº 432/2008, artigo 4º da Emenda à Constituição Estadual nº 146/2021 e artigo 40, § 1°, inciso III, segunda parte, da Constituição Federal, com a redação dada pela Emenda Constitucional nº 103/2019 - fundamento - especial de professor - regra transitória - EC 41/03",N,MASCULINO,S,Remuneração de Contribuição,,ativa,,importada,,,[]
Voluntária por Tempo de Contribuição - Art. 6º da EC 41/03 c/c art. 4º da EC nº 146/21 (Magistério),APOSENTADORIA VOLUNTÁRIA POR TEMPO DE CONTRIBUIÇÃO,TRUE,4º,FALSE,FALSE,S,CIVIL,S,,S,N,N,N,N,31/12/2003 00:00,01/01/1950 00:00,31/12/2024 00:00,31/12/2003 00:00,,N,"Aposentadoria especial de professor, com proventos integrais (cálculo por integralidade) e com paridade, com base no artigo 6º da Emenda Constitucional nº 41/2003, artigos 24, 46 e 63 da Lei Complementar nº 432/2008, artigo 4º da Emenda à Constituição Estadual nº 146/2021 e artigo 40, § 1°, inciso III, segunda parte, da Constituição Federal, com a redação dada pela Emenda Constitucional nº 103/2019 - fundamento - especial de professor - regra transitória - EC 41/03",N,FEMININO,S,Remuneração de Contribuição,,ativa,,importada,,,[]
"Voluntária por Tempo de Contribuição - Art. 3º da EC 47/05 - FÓRMULA 85/95, c/c art. 4º da EC nº 146/2021",APOSENTADORIA VOLUNTÁRIA POR TEMPO DE CONTRIBUIÇÃO,TRUE,4º,FALSE,FALSE,S,CIVIL,N,,S,N,N,N,N,16/12/1998 00:00,01/01/1910 00:00,31/12/2024 00:00,31/12/2003 00:00,,N,"Aposentadoria voluntária por idade e tempo de contribuição, com proventos integrais (cálculo por integralidade) e com paridade, com base no artigo 40, § 1°, inciso III, segunda parte, da Constituição Federal, com a redação dada pela Emenda Constitucional nº 103/2019, artigo 4º da Emenda à Constituição Estadual nº 146/2021 e artigo 3º da Emenda Constitucional nº 47/2005.- fundamento - regra de transição - EC 47/05 - comum- CF",N,MASCULINO,S,Remuneração de Contribuição,,ativa,,importada,,,[]
"Voluntária por Tempo de Contribuição - Art. 3º da EC 47/05 - FÓRMULA 85/95, c/c art. 4º da EC nº 146/2021",APOSENTADORIA VOLUNTÁRIA POR TEMPO DE CONTRIBUIÇÃO,TRUE,4º,FALSE,FALSE,S,CIVIL,N,,S,N,N,N,N,16/12/1998 00:00,01/01/1910 00:00,31/12/2024 00:00,31/12/2003 00:00,,N,"Aposentadoria voluntária por idade e tempo de contribuição, com proventos integrais (cálculo por integralidade) e com paridade, com base no artigo 40, § 1°, inciso III, segunda parte, da Constituição Federal, com a redação dada pela Emenda Constitucional nº 103/2019, artigo 4º da Emenda à Constituição Estadual nº 146/2021 e artigo 3º da Emenda Constitucional nº 47/2005.- fundamento - regra de transição - EC 47/05 - comum- CF",N,FEMININO,S,Remuneração de Contribuição,,ativa,,importada,,,[]
"Voluntária por Idade e Tempo de Contrib. - Art. 40, §1º, III da CF c/c do Art. 25, 27, I da LC 1100/21 (Magistério)",APOSENTADORIA VOLUNTÁRIA POR TEMPO DE CONTRIBUIÇÃO,TRUE,4º,FALSE,FALSE,S,CIVIL,S,,N,N,N,N,N,31/12/2099 00:00,01/01/1950 00:00,31/12/2024 00:00,31/12/2003 00:00,,N,"Aposentadoria especial de professor, com proventos integrais (cálculo por integralidade) e com paridade, com base no artigo 40, § 5°, da Constituição Federal, com redação dada pela Emenda Constitucional nº 103/2019, artigos 25, 27, I; 33, da Lei Complementar nº 1.100/2021 e artigo 40, § 1°, inciso III, segunda parte, da Constituição Federal, com a redação dada pela Emenda Constitucional nº 103/2019 - regra permanente da aposentadoria especial de professor.",N,MASCULINO,N,Valor Médio,,ativa,,importada,,,[]
"Voluntária por Idade e Tempo de Contrib. - Art. 40, §1º, III da CF c/c do Art. 25, 27, I da LC 1100/21 (Magistério)",APOSENTADORIA VOLUNTÁRIA POR TEMPO DE CONTRIBUIÇÃO,TRUE,4º,FALSE,FALSE,S,CIVIL,S,,N,N,N,N,N,31/12/2099 00:00,01/01/1950 00:00,31/12/2024 00:00,31/12/2003 00:00,,N,"Aposentadoria especial de professor, com proventos integrais (cálculo por integralidade) e com paridade, com base no artigo 40, § 5°, da Constituição Federal, com redação dada pela Emenda Constitucional nº 103/2019, artigos 25, 27, I; 33, da Lei Complementar nº 1.100/2021 e artigo 40, § 1°, inciso III, segunda parte, da Constituição Federal, com a redação dada pela Emenda Constitucional nº 103/2019 - regra permanente da aposentadoria especial de professor.",N,FEMININO,N,Valor Médio,,ativa,,importada,,,[]
"Voluntária Policial Civil - Art. 1º, II, ""a"" da LC nº. 51/85 c/c LC nº. 144/14, c/c art. 4º da EC nº 146/2021",APOSENTADORIA VOLUNTÁRIA POR TEMPO DE CONTRIBUIÇÃO,TRUE,4º,FALSE,FALSE,S,CIVIL,S,,N,N,N,N,N,31/12/2024 00:00,31/12/2003 00:00,31/12/2024 00:00,01/01/1910 00:00,,N,"Aposentadoria especial de policial, com proventos integrais (cálculo por média) e sem paridade, com base no artigo 7º, §§ 2º e 3º da Emenda Constitucional Estadual nº 146/2021, artigo 1º, inciso II, alínea ""b"", da Lei Complementar nº 51/1985 e artigo 40, §1°, inciso III, segunda parte, da Constituição Federal, com a redação dada pela Emenda Constitucional nº 103/2019 - regra transitória mulher - idade + tempo + pedágio | Aposentadoria especial de policial, com proventos integrais (cálculo por média) e sem paridade, com base no artigo 7º, §§ 2º e 3º da Emenda Constitucional Estadual nº 146/2021, artigo 1º, inciso II, alínea ""a"", da Lei Complementar nº 51/1985 e artigo 40, §1°, inciso III, segunda parte, da Constituição Federal, com a redação dada pela Emenda Constitucional nº 103/2019 - regra transitória de homem - idade + tempo + pedágio",N,MASCULINO,N,Valor Médio,,ativa,,importada,,,[]
"Voluntária Policial Civil - Art. 1º, II, ""a"" da LC nº. 51/85 c/c LC nº. 144/14, c/c art. 4º da EC nº 146/2021",APOSENTADORIA VOLUNTÁRIA POR TEMPO DE CONTRIBUIÇÃO,TRUE,4º,FALSE,FALSE,S,CIVIL,S,,N,N,N,N,N,31/12/2024 00:00,31/12/2003 00:00,31/12/2024 00:00,01/01/1910 00:00,,N,"Aposentadoria especial de policial, com proventos integrais (cálculo por média) e sem paridade, com base no artigo 7º, §§ 2º e 3º da Emenda Constitucional Estadual nº 146/2021, artigo 1º, inciso II, alínea ""b"", da Lei Complementar nº 51/1985 e artigo 40, §1°, inciso III, segunda parte, da Constituição Federal, com a redação dada pela Emenda Constitucional nº 103/2019 - regra transitória mulher - idade + tempo + pedágio | Aposentadoria especial de policial, com proventos integrais (cálculo por média) e sem paridade, com base no artigo 7º, §§ 2º e 3º da Emenda Constitucional Estadual nº 146/2021, artigo 1º, inciso II, alínea ""a"", da Lei Complementar nº 51/1985 e artigo 40, §1°, inciso III, segunda parte, da Constituição Federal, com a redação dada pela Emenda Constitucional nº 103/2019 - regra transitória de homem - idade + tempo + pedágio",N,FEMININO,N,Valor Médio,,ativa,,importada,,,[]
"Voluntária do Policial Civil - Art. 1º, II, ""a"" da LC nº. 51/85 c/c LC nº. 144/14, c/c art. 4º da EC nº 146/2021",APOSENTADORIA VOLUNTÁRIA POR TEMPO DE CONTRIBUIÇÃO,TRUE,4º,FALSE,FALSE,S,CIVIL,S,,S,N,N,N,N,31/12/2003 00:00,01/01/1950 00:00,31/12/2024 00:00,01/01/1910 00:00,,N,"Aposentadoria especial de policial, com proventos integrais (cálculo por integralidade) e com paridade, com base no artigo 7º, §§ 2º e 3º da Emenda Constitucional Estadual nº 146/2021, artigo 1º, inciso II, alínea ""a"", da Lei Complementar nº 51/1985 e artigo 40, §1°, inciso III, segunda parte, da Constituição Federal, com a redação dada pela Emenda Constitucional nº 103/2019 - regra transitória homem- idade + tempo + pedágio | Aposentadoria especial de policial, com proventos integrais (cálculo por integralidade) e com paridade, com base no artigo 7º, §§ 2º e 3º da Emenda Constitucional Estadual nº 146/2021, artigo 1º, inciso II, alínea ""b"", da Lei Complementar nº 51/1985 e artigo 40, §1°, inciso III, segunda parte, da Constituição Federal, com a redação dada pela Emenda Constitucional nº 103/2019 - regra transitória mulher - idade + tempo + pedágio",N,MASCULINO,S,Remuneração de Contribuição,,ativa,,importada,,,[]
"Voluntária do Policial Civil - Art. 1º, II, ""a"" da LC nº. 51/85 c/c LC nº. 144/14, c/c art. 4º da EC nº 146/2021",APOSENTADORIA VOLUNTÁRIA POR TEMPO DE CONTRIBUIÇÃO,TRUE,4º,FALSE,FALSE,S,CIVIL,S,,S,N,N,N,N,31/12/2003 00:00,01/01/1950 00:00,31/12/2024 00:00,01/01/1910 00:00,,N,"Aposentadoria especial de policial, com proventos integrais (cálculo por integralidade) e com paridade, com base no artigo 7º, §§ 2º e 3º da Emenda Constitucional Estadual nº 146/2021, artigo 1º, inciso II, alínea ""a"", da Lei Complementar nº 51/1985 e artigo 40, §1°, inciso III, segunda parte, da Constituição Federal, com a redação dada pela Emenda Constitucional nº 103/2019 - regra transitória homem- idade + tempo + pedágio | Aposentadoria especial de policial, com proventos integrais (cálculo por integralidade) e com paridade, com base no artigo 7º, §§ 2º e 3º da Emenda Constitucional Estadual nº 146/2021, artigo 1º, inciso II, alínea ""b"", da Lei Complementar nº 51/1985 e artigo 40, §1°, inciso III, segunda parte, da Constituição Federal, com a redação dada pela Emenda Constitucional nº 103/2019 - regra transitória mulher - idade + tempo + pedágio",N,FEMININO,S,Remuneração de Contribuição,,ativa,,importada,,,[]
